age,workclass,fnlwgt,education,education_num,marital_status,occupation,relationship,race,gender,capital_gain,capital_loss,hours_per_week,native_country,income
18,Private,388652,Some-college,6,Separated,Other-service,Other-relative,White,Male,0,0,16,United-States,<=50K
68,Government,434208,11th,6,Divorced,Prof-specialty,Wife,White,Female,0,0,24,United-States,<=50K
22,Private,973089,5th-6th,7,Married-civ-spouse,Handlers-cleaners,Husband,White,Female,0,0,20,United-States,<=50K
30,Private,468407,9th,5,Married-civ-spouse,Protective-serv,Other-relative,White,Male,0,0,33,United-States,<=50K
36,Government,522318,10th,7,Never-married,Adm-clerical,Husband,White,Male,0,0,76,United-States,>50K
29,Private,721761,7th-8th,2,Married-civ-spouse,Exec-managerial,Unmarried,White,Male,0,0,39,Canada,<=50K
65,Private,707418,12th,1,Married-civ-spouse,Adm-clerical,Husband,Black,Male,0,0,79,United-States,>50K
42,Private,213180,Prof-school,12,Married-civ-spouse,Machine-op-inspct,Other-relative,White,Female,0,1207,75,Other,>50K
74,Private,591067,Preschool,10,Never-married,Tech-support,Not-in-family,White,Male,0,0,70,United-States,<=50K
52,Self-emp,569950,9th,8,Married-civ-spouse,Transport-moving,Husband,White,Female,0,0,87,United-States,<=50K
22,Private,177257,Doctorate,1,Married-civ-spouse,Priv-house-serv,Not-in-family,White,Male,0,0,50,United-States,>50K
39,Government,878600,Masters,12,Married-civ-spouse,Other-service,Husband,White,Female,0,0,91,United-States,>50K
74,Private,935314,Assoc-voc,2,Married-civ-spouse,Machine-op-inspct,Unmarried,White,Female,0,0,60,United-States,<=50K
64,Private,481426,1st-4th,11,Separated,Adm-clerical,Other-relative,White,Male,0,0,53,United-States,<=50K
71,Private,511669,Doctorate,12,Never-married,Armed-Forces,Husband,White,Male,46875,0,22,United-States,>50K
20,Private,585330,1st-4th,10,Married-civ-spouse,Sales,Own-child,White,Male,0,0,21,United-States,<=50K
70,Without-pay,214488,10th,6,Married-civ-spouse,Armed-Forces,Unmarried,White,Male,0,0,91,United-States,<=50K
48,Private,874618,7th-8th,1,Divorced,Armed-Forces,Own-child,White,Male,0,0,18,United-States,>50K
86,Private,922679,HS-grad,10,Married-civ-spouse,Armed-Forces,Unmarried,White,Male,0,0,94,Philippines,>50K
50,Government,175955,5th-6th,3,Never-married,Priv-house-serv,Unmarried,White,Male,0,0,57,United-States,>50K
89,Self-emp,966853,10th,7,Divorced,Prof-specialty,Husband,White,Male,0,0,58,United-States,>50K
67,Private,62215,12th,12,Married-civ-spouse,Sales,Other-relative,White,Male,0,0,62,United-States,>50K
33,Self-emp,703779,11th,8,Separated,Protective-serv,Other-relative,White,Male,0,0,65,United-States,>50K
56,Private,994846,7th-8th,4,Married-civ-spouse,Adm-clerical,Wife,White,Male,0,0,49,United-States,<=50K
63,Private,796012,9th,12,Married-civ-spouse,Craft-repair,Other-relative,White,Male,0,0,33,United-States,<=50K
64,Private,770964,5th-6th,3,Never-married,Prof-specialty,Not-in-family,White,Female,0,0,81,United-States,<=50K
61,Private,992310,Assoc-voc,1,Never-married,Transport-moving,Husband,Black,Male,0,0,42,United-States,<=50K
26,Private,690231,Bachelors,12,Never-married,Protective-serv,Own-child,White,Male,0,0,32,United-States,>50K
67,Private,323990,Some-college,9,Never-married,Other-service,Other-relative,White,Male,0,0,86,United-States,>50K
77,Private,380631,7th-8th,10,Married-civ-spouse,Farming-fishing,Own-child,White,Male,0,0,63,United-States,<=50K
32,Self-emp,452207,Prof-school,6,Divorced,Sales,Wife,White,Male,0,0,62,United-States,>50K
53,Without-pay,792179,Bachelors,6,Married-civ-spouse,Craft-repair,Husband,White,Male,0,0,58,United-States,>50K
80,Self-emp,843568,7th-8th,9,Never-married,Transport-moving,Other-relative,White,Male,0,0,87,United-States,>50K
86,Private,736389,Bachelors,1,Married-civ-spouse,Machine-op-inspct,Own-child,White,Female,0,0,87,Philippines,>50K
58,Private,42548,9th,6,Married-civ-spouse,Farming-fishing,Unmarried,White,Female,0,0,89,United-States,>50K
41,Private,657199,Prof-school,12,Separated,Machine-op-inspct,Other-relative,White,Female,0,0,58,United-States,>50K
66,Private,801082,Doctorate,5,Married-civ-spouse,Tech-support,Wife,White,Male,0,0,69,United-States,>50K
35,Private,591566,Masters,13,Married-civ-spouse,Farming-fishing,Unmarried,Amer-Indian-Eskimo,Male,0,0,74,United-States,>50K
24,Private,185907,1st-4th,11,Married-civ-spouse,Prof-specialty,Own-child,White,Female,0,0,41,United-States,<=50K
21,Self-emp,550513,Assoc-acdm,15,Married-civ-spouse,Tech-support,Own-child,White,Male,0,0,88,United-States,>50K
86,Private,55360,Bachelors,6,Divorced,Prof-specialty,Husband,White,Male,0,0,30,United-States,<=50K
77,Private,731688,Some-college,14,Married-civ-spouse,Handlers-cleaners,Husband,Asian-Pac-Islander,Male,0,0,27,Mexico,>50K
72,Private,760699,Assoc-voc,11,Married-civ-spouse,Craft-repair,Own-child,White,Male,0,2304,69,United-States,<=50K
33,Private,456559,Some-college,8,Married-civ-spouse,Adm-clerical,Unmarried,White,Female,0,0,22,United-States,<=50K
46,Private,764753,Prof-school,5,Married-civ-spouse,Machine-op-inspct,Husband,White,Male,0,0,33,United-States,<=50K
40,Private,860440,Masters,2,Married-civ-spouse,Adm-clerical,Own-child,White,Male,0,0,39,United-States,<=50K
31,Private,67573,7th-8th,12,Married-civ-spouse,Farming-fishing,Unmarried,White,Male,0,0,11,United-States,>50K
66,Private,586220,Prof-school,12,Married-civ-spouse,Protective-serv,Not-in-family,White,Male,0,0,92,United-States,>50K
50,Private,923765,1st-4th,2,Married-civ-spouse,Sales,Other-relative,White,Male,0,0,34,United-States,<=50K
42,Self-emp,555169,11th,10,Never-married,Sales,Not-in-family,White,Male,0,0,59,United-States,>50K
38,Government,567845,Masters,5,Never-married,Priv-house-serv,Not-in-family,White,Female,0,0,23,United-States,<=50K
34,Private,210802,10th,3,Married-civ-spouse,Machine-op-inspct,Other-relative,White,Female,0,0,15,United-States,<=50K
40,Private,743454,Assoc-acdm,10,Married-civ-spouse,Tech-support,Own-child,White,Female,0,0,85,United-States,>50K
74,Self-emp,495126,Assoc-voc,3,Divorced,Machine-op-inspct,Own-child,White,Female,0,0,93,United-States,<=50K
75,Private,333468,12th,8,Never-married,Handlers-cleaners,Husband,White,Male,0,0,96,United-States,>50K
31,Private,817273,Doctorate,7,Separated,Priv-house-serv,Wife,Asian-Pac-Islander,Female,0,0,39,United-States,<=50K
37,Private,285619,Masters,1,Married-civ-spouse,Handlers-cleaners,Own-child,White,Male,0,0,39,United-States,>50K
47,Private,540959,12th,12,Divorced,Adm-clerical,Other-relative,White,Male,0,0,47,United-States,<=50K
36,Self-emp,201656,Masters,13,Never-married,Protective-serv,Wife,White,Male,0,0,67,United-States,>50K
70,Self-emp,566052,9th,12,Married-civ-spouse,Farming-fishing,Other-relative,Asian-Pac-Islander,Male,0,0,50,United-States,>50K
73,Private,457003,5th-6th,5,Married-civ-spouse,Handlers-cleaners,Other-relative,White,Male,42340,0,66,United-States,<=50K
40,Private,933465,11th,9,Married-civ-spouse,Craft-repair,Other-relative,White,Male,0,0,45,United-States,<=50K
79,Private,328034,Masters,4,Married-civ-spouse,Tech-support,Wife,White,Female,0,0,73,United-States,>50K
50,Private,382496,HS-grad,1,Married-civ-spouse,Tech-support,Not-in-family,White,Male,78653,0,25,United-States,<=50K
35,Without-pay,399952,12th,8,Never-married,Handlers-cleaners,Unmarried,White,Male,0,2828,97,United-States,<=50K
50,Private,860316,HS-grad,5,Married-civ-spouse,Exec-managerial,Other-relative,White,Male,0,0,87,United-States,<=50K
49,Private,277299,Some-college,2,Married-civ-spouse,Sales,Husband,White,Male,0,0,81,United-States,<=50K
78,Self-emp,663806,5th-6th,15,Never-married,Exec-managerial,Own-child,Asian-Pac-Islander,Female,0,0,23,United-States,<=50K
71,Self-emp,763977,Assoc-voc,12,Married-civ-spouse,Farming-fishing,Unmarried,White,Male,0,0,40,Philippines,>50K
34,Self-emp,262393,Preschool,1,Married-civ-spouse,Farming-fishing,Own-child,White,Female,0,0,75,United-States,<=50K
36,Private,400419,1st-4th,14,Married-civ-spouse,Prof-specialty,Own-child,White,Female,0,0,77,United-States,>50K
87,Private,75768,HS-grad,12,Married-civ-spouse,Priv-house-serv,Wife,White,Male,0,0,74,United-States,>50K
51,Private,654711,HS-grad,12,Married-civ-spouse,Farming-fishing,Husband,White,Male,0,0,64,Philippines,<=50K
42,Private,70851,5th-6th,12,Never-married,Prof-specialty,Husband,White,Female,0,0,93,United-States,>50K
85,Without-pay,936725,5th-6th,3,Married-civ-spouse,Tech-support,Unmarried,White,Female,0,0,87,United-States,<=50K
28,Private,54566,10th,9,Divorced,Craft-repair,Husband,Black,Female,0,242,49,United-States,<=50K
33,Government,755129,1st-4th,1,Married-civ-spouse,Other-service,Husband,Asian-Pac-Islander,Female,71360,0,34,United-States,<=50K
78,Private,405927,9th,4,Separated,Sales,Husband,White,Male,0,0,34,United-States,>50K
24,Government,153603,Assoc-acdm,8,Divorced,Prof-specialty,Unmarried,White,Male,0,0,12,United-States,<=50K
33,Private,937984,Assoc-acdm,8,Never-married,Priv-house-serv,Not-in-family,Black,Male,0,0,78,United-States,>50K
33,Without-pay,968212,Masters,10,Married-civ-spouse,Priv-house-serv,Husband,White,Female,0,178,35,United-States,>50K
57,Private,808623,7th-8th,12,Never-married,Transport-moving,Husband,Black,Male,0,0,49,United-States,<=50K
29,Private,987453,HS-grad,11,Never-married,Protective-serv,Wife,White,Male,0,0,47,United-States,>50K
52,Self-emp,259104,7th-8th,13,Never-married,Adm-clerical,Wife,White,Male,0,0,47,United-States,>50K
38,Private,733018,Bachelors,11,Married-civ-spouse,Priv-house-serv,Husband,White,Male,0,0,77,United-States,>50K
67,Private,13779,Masters,8,Married-civ-spouse,Craft-repair,Not-in-family,White,Male,0,0,16,United-States,>50K
60,Without-pay,867622,7th-8th,10,Married-civ-spouse,Machine-op-inspct,Husband,White,Female,0,0,39,United-States,<=50K
34,Private,644966,Preschool,8,Married-civ-spouse,Adm-clerical,Husband,White,Male,0,0,28,United-States,>50K
49,Private,920192,5th-6th,4,Never-married,Craft-repair,Husband,White,Female,0,0,44,United-States,>50K
58,Private,271752,Bachelors,8,Divorced,Adm-clerical,Other-relative,White,Male,0,0,42,United-States,>50K
23,Self-emp,994212,5th-6th,9,Divorced,Handlers-cleaners,Not-in-family,White,Male,0,0,42,Mexico,<=50K
44,Private,17317,Assoc-voc,7,Married-civ-spouse,Adm-clerical,Own-child,Asian-Pac-Islander,Female,0,0,87,United-States,<=50K
37,Private,722256,Assoc-acdm,14,Married-civ-spouse,Prof-specialty,Husband,White,Female,0,0,47,United-States,<=50K
42,Private,534447,Assoc-voc,12,Married-civ-spouse,Craft-repair,Own-child,White,Male,12532,0,19,United-States,>50K
83,Private,135373,7th-8th,2,Married-civ-spouse,Machine-op-inspct,Not-in-family,White,Female,0,0,66,United-States,<=50K
26,Private,591403,12th,9,Never-married,Farming-fishing,Husband,White,Male,0,2672,37,Mexico,<=50K
70,Private,208737,Preschool,11,Married-civ-spouse,Adm-clerical,Own-child,Amer-Indian-Eskimo,Male,0,0,87,United-States,>50K
78,Private,29462,HS-grad,8,Never-married,Priv-house-serv,Unmarried,White,Male,0,0,47,United-States,>50K
55,Private,225221,Preschool,13,Divorced,Machine-op-inspct,Own-child,White,Male,0,1101,25,United-States,<=50K
20,Private,799349,Preschool,5,Never-married,Craft-repair,Not-in-family,White,Male,0,0,30,United-States,<=50K
87,Private,422613,1st-4th,15,Married-civ-spouse,Machine-op-inspct,Husband,White,Male,0,0,15,United-States,>50K
72,Private,298269,7th-8th,12,Married-civ-spouse,Other-service,Other-relative,White,Male,98218,0,50,United-States,>50K
18,Private,252141,11th,3,Married-civ-spouse,Other-service,Not-in-family,Black,Male,0,0,24,United-States,>50K
87,Private,999366,12th,7,Married-civ-spouse,Adm-clerical,Other-relative,White,Male,0,0,12,Philippines,>50K
62,Private,726089,Masters,14,Divorced,Protective-serv,Husband,White,Female,0,0,52,United-States,<=50K
64,Private,765243,Masters,14,Never-married,Adm-clerical,Own-child,White,Male,0,0,56,United-States,>50K
43,Self-emp,319421,7th-8th,15,Married-civ-spouse,Adm-clerical,Unmarried,White,Male,0,0,23,United-States,<=50K
31,Private,810781,10th,2,Married-civ-spouse,Sales,Unmarried,White,Female,0,0,75,United-States,<=50K
71,Private,70715,Bachelors,13,Never-married,Priv-house-serv,Not-in-family,White,Male,0,0,38,United-States,>50K
88,Private,175800,Doctorate,3,Married-civ-spouse,Armed-Forces,Not-in-family,White,Male,0,0,13,United-States,<=50K
63,Private,171864,Prof-school,12,Divorced,Handlers-cleaners,Not-in-family,White,Male,0,0,35,United-States,<=50K
48,Government,542190,5th-6th,9,Never-married,Protective-serv,Wife,White,Male,0,0,21,United-States,>50K
76,Private,655633,12th,4,Divorced,Machine-op-inspct,Unmarried,White,Female,0,0,11,United-States,<=50K
46,Private,89569,Prof-school,4,Never-married,Protective-serv,Unmarried,White,Female,0,0,26,United-States,<=50K
34,Private,898580,Bachelors,3,Never-married,Protective-serv,Husband,White,Male,0,0,44,United-States,>50K
31,Private,899433,Bachelors,5,Never-married,Exec-managerial,Wife,Black,Female,0,0,19,United-States,<=50K
53,Private,569446,11th,3,Never-married,Protective-serv,Not-in-family,White,Female,0,0,95,United-States,>50K
75,Private,765083,7th-8th,9,Married-civ-spouse,Tech-support,Not-in-family,White,Male,85148,0,52,United-States,<=50K
41,Government,13917,Assoc-voc,15,Married-civ-spouse,Adm-clerical,Other-relative,White,Female,0,0,30,United-States,<=50K
80,Private,235019,Assoc-acdm,3,Widowed,Prof-specialty,Wife,White,Male,0,0,24,United-States,>50K
42,Private,876174,7th-8th,2,Married-civ-spouse,Other-service,Own-child,White,Female,0,0,44,United-States,<=50K
76,Private,940124,HS-grad,12,Divorced,Other-service,Unmarried,White,Female,70474,0,94,United-States,>50K
49,Private,923762,HS-grad,5,Never-married,Armed-Forces,Husband,White,Male,0,0,94,United-States,<=50K
35,Private,742718,11th,6,Divorced,Armed-Forces,Own-child,White,Male,0,0,94,Philippines,>50K
54,Private,113246,Prof-school,1,Married-civ-spouse,Farming-fishing,Own-child,White,Male,0,0,69,United-States,<=50K
43,Private,477106,Prof-school,14,Married-civ-spouse,Tech-support,Husband,White,Male,0,0,53,United-States,>50K
26,Private,34691,1st-4th,12,Married-civ-spouse,Protective-serv,Not-in-family,White,Female,0,0,14,Philippines,<=50K
81,Government,492706,Doctorate,11,Married-civ-spouse,Machine-op-inspct,Unmarried,White,Female,0,0,82,Philippines,<=50K
89,Private,605022,12th,6,Separated,Craft-repair,Other-relative,Asian-Pac-Islander,Male,0,0,27,United-States,>50K
37,Self-emp,560334,Assoc-voc,10,Never-married,Priv-house-serv,Not-in-family,White,Male,0,0,30,United-States,<=50K
71,Private,687746,Preschool,3,Never-married,Tech-support,Not-in-family,White,Male,0,0,81,Other,>50K
47,Private,938775,Assoc-voc,4,Married-civ-spouse,Handlers-cleaners,Wife,White,Male,0,0,83,United-States,>50K
70,Government,162598,5th-6th,6,Married-civ-spouse,Armed-Forces,Own-child,Black,Male,0,0,60,United-States,>50K
80,Private,128540,Assoc-acdm,8,Married-civ-spouse,Transport-moving,Own-child,White,Male,0,0,50,United-States,>50K
28,Self-emp,53798,HS-grad,15,Married-civ-spouse,Adm-clerical,Unmarried,White,Female,0,0,33,United-States,>50K
48,Self-emp,518446,Assoc-voc,9,Divorced,Prof-specialty,Own-child,White,Male,0,0,33,United-States,>50K
66,Private,657581,Doctorate,6,Divorced,Machine-op-inspct,Other-relative,White,Male,0,0,47,United-States,>50K
36,Private,428473,Some-college,7,Married-civ-spouse,Machine-op-inspct,Other-relative,White,Female,0,2524,53,United-States,>50K
29,Private,723345,10th,15,Divorced,Adm-clerical,Other-relative,White,Male,0,0,66,United-States,>50K
32,Government,456346,1st-4th,14,Widowed,Handlers-cleaners,Husband,White,Female,0,0,68,United-States,>50K
48,Self-emp,781480,Preschool,5,Married-civ-spouse,Adm-clerical,Unmarried,White,Female,0,0,43,United-States,<=50K
60,Private,608684,7th-8th,14,Divorced,Adm-clerical,Other-relative,Black,Male,0,0,84,United-States,<=50K
54,Private,429861,Assoc-voc,12,Married-civ-spouse,Priv-house-serv,Wife,White,Male,0,0,91,United-States,>50K
46,Private,427405,Some-college,15,Divorced,Transport-moving,Wife,White,Male,0,0,32,United-States,>50K
43,Private,615586,12th,9,Married-civ-spouse,Tech-support,Not-in-family,White,Male,15646,0,95,United-States,>50K
19,Private,142040,Some-college,4,Divorced,Prof-specialty,Not-in-family,White,Male,0,0,52,United-States,<=50K
32,Private,277944,10th,10,Married-civ-spouse,Priv-house-serv,Unmarried,Black,Male,0,0,91,United-States,>50K
21,Private,951733,Assoc-acdm,11,Married-civ-spouse,Machine-op-inspct,Not-in-family,White,Male,0,0,49,United-States,>50K
67,Private,330668,Masters,6,Never-married,Farming-fishing,Not-in-family,White,Male,0,0,56,United-States,<=50K
55,Self-emp,106585,Assoc-voc,5,Married-civ-spouse,Adm-clerical,Wife,White,Male,0,0,50,United-States,<=50K
40,Government,432933,7th-8th,1,Married-civ-spouse,Sales,Not-in-family,White,Female,0,0,56,United-States,<=50K
76,Self-emp,392423,5th-6th,5,Divorced,Protective-serv,Wife,White,Male,0,0,29,United-States,<=50K
45,Self-emp,490519,HS-grad,13,Married-civ-spouse,Craft-repair,Other-relative,White,Male,0,0,86,United-States,<=50K
83,Private,476222,9th,5,Never-married,Transport-moving,Other-relative,White,Male,0,0,74,United-States,<=50K
25,Private,926357,Doctorate,14,Divorced,Adm-clerical,Unmarried,White,Female,0,0,77,United-States,>50K
46,Private,990742,12th,9,Married-civ-spouse,Adm-clerical,Husband,White,Male,0,0,33,United-States,<=50K
28,Self-emp,670179,Preschool,1,Married-civ-spouse,Priv-house-serv,Not-in-family,Black,Female,0,0,45,United-States,<=50K
35,Government,853216,5th-6th,15,Never-married,Machine-op-inspct,Other-relative,White,Female,0,0,54,United-States,<=50K
72,Self-emp,766899,10th,5,Married-civ-spouse,Other-service,Other-relative,White,Male,0,0,11,United-States,<=50K
67,Government,97175,Some-college,15,Never-married,Exec-managerial,Unmarried,White,Female,0,0,37,United-States,>50K
31,Private,518155,Assoc-acdm,7,Married-civ-spouse,Craft-repair,Own-child,White,Male,31619,0,35,United-States,>50K
26,Private,997340,HS-grad,11,Never-married,Armed-Forces,Own-child,White,Male,0,0,32,India,<=50K
28,Private,56935,9th,6,Separated,Other-service,Unmarried,White,Male,0,0,88,United-States,<=50K
80,Private,975933,7th-8th,6,Never-married,Tech-support,Wife,White,Male,0,0,45,United-States,<=50K
84,Private,741967,Some-college,12,Married-civ-spouse,Sales,Husband,White,Male,0,0,15,United-States,<=50K
70,Private,669358,Assoc-voc,7,Divorced,Exec-managerial,Unmarried,White,Female,0,0,44,United-States,<=50K
56,Private,51750,Assoc-voc,6,Divorced,Priv-house-serv,Own-child,Black,Male,0,0,47,United-States,>50K
73,Private,408396,9th,5,Divorced,Craft-repair,Husband,White,Male,0,0,44,Other,<=50K
45,Private,874720,10th,10,Married-civ-spouse,Other-service,Other-relative,White,Male,0,0,83,United-States,>50K
56,Private,826945,Preschool,5,Never-married,Priv-house-serv,Unmarried,White,Male,0,0,62,United-States,<=50K
42,Private,113725,Prof-school,9,Married-civ-spouse,Prof-specialty,Wife,White,Female,0,0,47,United-States,<=50K
38,Private,552167,Masters,14,Married-civ-spouse,Prof-specialty,Husband,White,Male,0,0,68,United-States,<=50K
27,Private,886330,10th,8,Never-married,Handlers-cleaners,Own-child,White,Male,0,0,52,United-States,>50K
60,Self-emp,333977,11th,14,Married-civ-spouse,Priv-house-serv,Other-relative,White,Male,0,0,13,United-States,>50K
32,Private,24316,Bachelors,12,Never-married,Adm-clerical,Unmarried,White,Male,0,0,14,Other,>50K
65,Private,689885,HS-grad,15,Never-married,Sales,Not-in-family,White,Male,0,0,77,United-States,>50K
38,Government,801810,11th,10,Separated,Exec-managerial,Other-relative,White,Female,0,0,54,United-States,<=50K
77,Government,714029,Some-college,14,Never-married,Transport-moving,Own-child,Black,Male,0,0,89,United-States,>50K
67,Government,405793,Assoc-acdm,4,Divorced,Craft-repair,Unmarried,White,Female,0,2774,34,United-States,<=50K
40,Private,162762,Assoc-voc,4,Married-civ-spouse,Prof-specialty,Own-child,White,Male,0,0,87,United-States,>50K
30,Private,378581,12th,10,Divorced,Sales,Not-in-family,White,Male,0,0,20,United-States,<=50K
86,Private,764899,Assoc-voc,5,Married-civ-spouse,Exec-managerial,Other-relative,White,Male,0,604,38,United-States,<=50K
21,Private,256818,1st-4th,13,Married-civ-spouse,Handlers-cleaners,Husband,White,Female,0,0,43,Mexico,<=50K
89,Government,199586,9th,13,Never-married,Prof-specialty,Husband,White,Female,0,0,95,United-States,>50K
26,Private,222249,10th,3,Married-civ-spouse,Machine-op-inspct,Other-relative,White,Male,0,0,23,United-States,>50K
52,Private,988466,Doctorate,15,Married-civ-spouse,Prof-specialty,Husband,White,Male,0,0,33,United-States,<=50K
38,Private,996699,Some-college,8,Never-married,Farming-fishing,Unmarried,White,Female,0,0,68,United-States,>50K
75,Private,87383,Doctorate,7,Married-civ-spouse,Armed-Forces,Other-relative,White,Male,0,0,48,Other,>50K
35,Private,359432,Masters,5,Married-civ-spouse,Machine-op-inspct,Other-relative,White,Male,0,0,35,Germany,<=50K
89,Self-emp,354120,1st-4th,10,Married-civ-spouse,Protective-serv,Own-child,White,Male,0,0,52,United-States,>50K
60,Government,478836,12th,3,Never-married,Armed-Forces,Wife,White,Male,0,0,45,United-States,>50K
23,Government,869440,10th,15,Divorced,Armed-Forces,Own-child,Black,Female,0,0,48,Mexico,>50K
84,Private,422169,Assoc-acdm,5,Never-married,Sales,Husband,Asian-Pac-Islander,Female,0,0,70,United-States,<=50K
29,Private,728548,10th,3,Married-civ-spouse,Priv-house-serv,Wife,White,Male,0,0,25,United-States,<=50K
29,Private,751360,Assoc-acdm,10,Never-married,Handlers-cleaners,Other-relative,White,Male,0,0,68,United-States,>50K
83,Private,727160,12th,5,Divorced,Other-service,Husband,White,Male,0,319,15,United-States,<=50K
19,Government,779260,1st-4th,1,Married-civ-spouse,Tech-support,Not-in-family,Black,Female,0,0,65,United-States,<=50K
32,Private,360441,Bachelors,6,Married-civ-spouse,Protective-serv,Husband,Black,Female,0,0,17,United-States,<=50K
40,Self-emp,880300,Some-college,10,Divorced,Adm-clerical,Wife,White,Female,0,0,36,United-States,>50K
46,Private,354286,10th,4,Divorced,Adm-clerical,Wife,White,Female,0,0,80,United-States,<=50K
24,Private,970103,7th-8th,4,Never-married,Prof-specialty,Other-relative,White,Male,0,0,36,United-States,<=50K
45,Private,890966,9th,8,Married-civ-spouse,Craft-repair,Unmarried,White,Male,0,0,98,United-States,<=50K
31,Private,47985,1st-4th,2,Divorced,Machine-op-inspct,Not-in-family,White,Male,0,0,55,United-States,>50K
61,Self-emp,941041,10th,4,Married-civ-spouse,Farming-fishing,Other-relative,Black,Female,0,0,50,United-States,>50K
47,Private,314861,HS-grad,15,Divorced,Prof-specialty,Not-in-family,White,Male,0,0,88,Mexico,>50K
49,Self-emp,412243,Assoc-acdm,2,Divorced,Handlers-cleaners,Not-in-family,White,Male,0,0,34,United-States,<=50K
87,Self-emp,405752,Some-college,1,Never-married,Protective-serv,Other-relative,Black,Male,0,0,95,Mexico,>50K
23,Private,798957,1st-4th,10,Never-married,Tech-support,Husband,White,Male,0,0,27,United-States,<=50K
44,Self-emp,150248,Prof-school,13,Never-married,Other-service,Own-child,White,Male,0,0,21,United-States,<=50K
41,Private,748637,Some-college,13,Never-married,Tech-support,Not-in-family,White,Male,0,0,96,United-States,>50K
51,Private,80423,5th-6th,3,Married-civ-spouse,Farming-fishing,Wife,White,Male,14687,0,60,United-States,>50K
57,Self-emp,99642,10th,12,Never-married,Tech-support,Other-relative,White,Female,0,0,48,Other,<=50K
64,Without-pay,90383,Prof-school,8,Divorced,Priv-house-serv,Unmarried,White,Male,0,0,98,United-States,>50K
41,Private,348932,Assoc-voc,6,Married-civ-spouse,Priv-house-serv,Husband,White,Male,0,0,19,United-States,<=50K
82,Private,80013,Assoc-voc,12,Married-civ-spouse,Transport-moving,Not-in-family,White,Female,0,0,83,United-States,<=50K
35,Private,134326,7th-8th,7,Married-civ-spouse,Protective-serv,Unmarried,White,Male,0,0,86,Mexico,>50K
61,Private,289899,11th,2,Married-civ-spouse,Tech-support,Husband,White,Male,79455,0,63,United-States,<=50K
74,Private,291752,1st-4th,6,Married-civ-spouse,Sales,Other-relative,White,Female,0,1233,38,United-States,<=50K
45,Government,126562,HS-grad,14,Married-civ-spouse,Protective-serv,Unmarried,White,Male,0,0,50,United-States,>50K
88,Private,69843,7th-8th,8,Never-married,Handlers-cleaners,Wife,White,Female,0,0,18,United-States,>50K
40,Private,848945,Preschool,8,Married-civ-spouse,Handlers-cleaners,Not-in-family,White,Male,0,0,72,United-States,<=50K
51,Private,868072,Doctorate,4,Married-civ-spouse,Priv-house-serv,Not-in-family,White,Male,0,0,86,United-States,<=50K
28,Private,371590,9th,6,Never-married,Protective-serv,Unmarried,White,Male,0,0,46,United-States,>50K
52,Private,423909,1st-4th,14,Married-civ-spouse,Exec-managerial,Husband,White,Male,0,0,23,United-States,>50K
59,Private,461124,Assoc-voc,5,Never-married,Priv-house-serv,Other-relative,White,Male,0,0,82,Mexico,>50K
45,Self-emp,809158,9th,9,Never-married,Prof-specialty,Own-child,Black,Male,0,0,81,United-States,<=50K
41,Private,803330,7th-8th,8,Married-civ-spouse,Craft-repair,Not-in-family,White,Female,0,0,48,United-States,<=50K
25,Private,617796,1st-4th,2,Married-civ-spouse,Exec-managerial,Wife,White,Male,0,1368,49,United-States,<=50K
70,Self-emp,448161,HS-grad,12,Married-civ-spouse,Handlers-cleaners,Not-in-family,White,Female,0,0,63,United-States,<=50K
89,Private,186756,Prof-school,13,Married-civ-spouse,Armed-Forces,Not-in-family,White,Male,0,0,12,United-States,>50K
21,Private,260758,7th-8th,7,Married-civ-spouse,Adm-clerical,Own-child,White,Female,0,0,64,United-States,<=50K
22,Private,511182,Assoc-voc,7,Married-civ-spouse,Prof-specialty,Own-child,White,Male,0,0,42,United-States,<=50K
66,Private,185946,Doctorate,11,Married-civ-spouse,Priv-house-serv,Other-relative,White,Male,47221,2159,80,United-States,>50K
47,Private,219290,HS-grad,14,Divorced,Armed-Forces,Not-in-family,White,Male,84031,0,28,United-States,<=50K
89,Private,866310,Assoc-acdm,14,Married-civ-spouse,Farming-fishing,Not-in-family,White,Male,0,0,43,United-States,>50K
80,Self-emp,320152,Masters,12,Never-married,Sales,Husband,White,Female,0,0,87,United-States,>50K
64,Self-emp,930866,Bachelors,1,Married-civ-spouse,Other-service,Husband,White,Male,0,0,59,Canada,>50K
43,Private,90119,Bachelors,1,Never-married,Adm-clerical,Unmarried,Asian-Pac-Islander,Male,0,0,56,United-States,<=50K
74,Private,437620,7th-8th,12,Married-civ-spouse,Handlers-cleaners,Unmarried,White,Male,0,0,55,United-States,>50K
54,Private,938608,5th-6th,4,Never-married,Transport-moving,Wife,White,Male,0,0,65,United-States,>50K
24,Private,691408,9th,5,Married-civ-spouse,Armed-Forces,Wife,White,Female,0,0,66,United-States,>50K
57,Private,261987,5th-6th,15,Divorced,Protective-serv,Husband,White,Female,0,0,92,Philippines,>50K
56,Private,516628,10th,4,Married-civ-spouse,Prof-specialty,Unmarried,White,Female,0,0,60,United-States,<=50K
79,Private,551916,Preschool,7,Divorced,Handlers-cleaners,Wife,White,Male,0,1728,63,United-States,>50K
70,Self-emp,349609,Bachelors,3,Married-civ-spouse,Machine-op-inspct,Not-in-family,White,Male,0,0,90,United-States,<=50K
21,Private,626498,10th,7,Divorced,Exec-managerial,Unmarried,White,Female,0,0,37,United-States,<=50K
42,Self-emp,643381,5th-6th,13,Married-civ-spouse,Other-service,Own-child,White,Male,0,0,28,United-States,>50K
24,Self-emp,524818,Masters,8,Married-civ-spouse,Other-service,Unmarried,White,Female,0,0,36,United-States,<=50K
45,Private,416484,Some-college,6,Married-civ-spouse,Protective-serv,Not-in-family,Black,Female,0,0,57,United-States,<=50K
86,Self-emp,359370,10th,6,Married-civ-spouse,Craft-repair,Husband,White,Female,0,0,28,United-States,<=50K
84,Self-emp,892188,HS-grad,8,Divorced,Machine-op-inspct,Other-relative,White,Male,0,0,60,United-States,>50K
37,Private,74734,Bachelors,8,Widowed,Tech-support,Other-relative,White,Male,0,0,16,India,>50K
28,Private,413920,Preschool,7,Married-civ-spouse,Priv-house-serv,Husband,White,Female,0,2573,38,United-States,<=50K
84,Private,80050,Some-college,6,Never-married,Machine-op-inspct,Not-in-family,White,Male,0,0,52,United-States,<=50K
24,Government,122726,Prof-school,6,Divorced,Other-service,Wife,White,Male,0,666,78,United-States,>50K
40,Private,428050,Preschool,10,Divorced,Adm-clerical,Unmarried,White,Male,0,0,67,United-States,<=50K
78,Private,58308,9th,11,Married-civ-spouse,Priv-house-serv,Unmarried,White,Female,0,0,17,United-States,>50K
88,Private,225350,Assoc-acdm,13,Married-civ-spouse,Armed-Forces,Wife,White,Female,0,0,51,United-States,<=50K
51,Private,106428,5th-6th,13,Never-married,Priv-house-serv,Other-relative,White,Male,0,0,85,United-States,>50K
36,Private,726097,Assoc-acdm,6,Married-civ-spouse,Transport-moving,Husband,Black,Male,0,0,51,United-States,<=50K
75,Self-emp,464338,HS-grad,8,Divorced,Craft-repair,Husband,White,Male,0,0,22,United-States,>50K
26,Private,234595,Some-college,1,Divorced,Farming-fishing,Own-child,White,Female,0,0,35,United-States,<=50K
65,Self-emp,179455,11th,5,Married-civ-spouse,Adm-clerical,Other-relative,White,Male,0,0,27,United-States,>50K
58,Self-emp,60420,10th,3,Married-civ-spouse,Prof-specialty,Husband,White,Male,0,0,51,United-States,>50K
65,Private,395963,Assoc-acdm,12,Divorced,Tech-support,Own-child,White,Female,0,0,60,United-States,>50K
62,Private,680200,Assoc-acdm,8,Married-civ-spouse,Exec-managerial,Wife,White,Female,0,0,93,United-States,>50K
42,Self-emp,110680,Prof-school,11,Married-civ-spouse,Farming-fishing,Other-relative,White,Female,0,0,25,United-States,>50K
42,Government,530047,Assoc-acdm,6,Married-civ-spouse,Adm-clerical,Other-relative,White,Female,0,0,12,Germany,<=50K
36,Private,34771,Masters,14,Widowed,Protective-serv,Husband,White,Male,0,2391,88,United-States,>50K
56,Private,956237,Preschool,2,Married-civ-spouse,Prof-specialty,Husband,White,Male,0,0,54,Other,>50K
44,Private,815912,Assoc-acdm,15,Never-married,Handlers-cleaners,Not-in-family,White,Female,0,0,31,United-States,>50K
80,Self-emp,95555,10th,13,Married-civ-spouse,Sales,Wife,White,Female,0,0,32,United-States,>50K
85,Self-emp,26945,Bachelors,7,Married-civ-spouse,Tech-support,Wife,White,Female,0,0,68,United-States,<=50K
36,Private,545929,Assoc-acdm,7,Never-married,Exec-managerial,Unmarried,White,Female,0,0,71,United-States,<=50K
45,Government,549520,Prof-school,13,Never-married,Craft-repair,Own-child,White,Male,0,2905,77,Philippines,>50K
50,Private,709686,9th,5,Married-civ-spouse,Machine-op-inspct,Own-child,White,Male,0,0,63,United-States,>50K
27,Self-emp,742211,Preschool,8,Divorced,Sales,Not-in-family,White,Female,0,0,66,United-States,<=50K
47,Private,971355,7th-8th,14,Married-civ-spouse,Tech-support,Unmarried,White,Male,0,0,32,United-States,>50K
39,Private,952119,Doctorate,5,Never-married,Farming-fishing,Wife,White,Female,0,0,69,United-States,<=50K
20,Private,527863,Assoc-acdm,1,Married-civ-spouse,Handlers-cleaners,Own-child,White,Female,0,0,82,United-States,<=50K
65,Private,525643,10th,9,Never-married,Priv-house-serv,Wife,White,Female,0,0,97,United-States,<=50K
19,Private,819687,1st-4th,4,Divorced,Transport-moving,Wife,White,Male,0,0,94,United-States,<=50K
71,Private,171781,1st-4th,13,Married-civ-spouse,Craft-repair,Unmarried,Black,Male,0,0,64,United-States,<=50K
23,Private,766168,12th,2,Never-married,Other-service,Own-child,Black,Male,0,0,89,United-States,>50K
57,Private,328317,HS-grad,4,Widowed,Armed-Forces,Husband,White,Male,0,0,72,United-States,<=50K
19,Private,884323,11th,14,Married-civ-spouse,Adm-clerical,Husband,White,Male,0,0,65,United-States,>50K
19,Self-emp,984532,Preschool,13,Never-married,Protective-serv,Unmarried,White,Male,0,0,64,United-States,<=50K
72,Self-emp,937572,12th,9,Never-married,Adm-clerical,Own-child,White,Male,62236,0,34,United-States,>50K
89,Private,390929,Preschool,2,Never-married,Craft-repair,Not-in-family,Black,Male,0,0,35,Mexico,<=50K
77,Private,445305,1st-4th,4,Separated,Other-service,Other-relative,White,Male,0,0,58,United-States,<=50K
23,Private,380903,Bachelors,2,Divorced,Transport-moving,Unmarried,White,Male,0,0,72,Other,<=50K
36,Government,580120,Assoc-voc,5,Never-married,Priv-house-serv,Wife,Black,Male,0,0,54,United-States,<=50K
44,Government,278966,Prof-school,3,Never-married,Adm-clerical,Unmarried,White,Female,0,0,82,United-States,<=50K
18,Private,785926,Preschool,10,Divorced,Tech-support,Other-relative,White,Male,0,0,88,United-States,<=50K
50,Government,30893,HS-grad,2,Divorced,Craft-repair,Unmarried,Asian-Pac-Islander,Male,0,0,48,United-States,>50K
57,Self-emp,661189,7th-8th,14,Married-civ-spouse,Transport-moving,Own-child,White,Male,0,0,74,United-States,<=50K
49,Self-emp,350177,Assoc-voc,9,Never-married,Craft-repair,Wife,White,Female,0,0,78,United-States,>50K
86,Private,500553,12th,5,Never-married,Farming-fishing,Other-relative,White,Male,9828,0,65,Mexico,>50K
34,Private,810683,10th,10,Married-civ-spouse,Armed-Forces,Husband,White,Male,0,0,18,United-States,<=50K
25,Private,98106,9th,5,Married-civ-spouse,Other-service,Not-in-family,White,Male,0,0,79,United-States,<=50K
74,Private,315289,HS-grad,1,Married-civ-spouse,Farming-fishing,Unmarried,White,Male,0,0,37,United-States,>50K
59,Private,265596,12th,6,Married-civ-spouse,Other-service,Unmarried,Other,Male,0,0,54,India,<=50K
26,Private,95480,Preschool,13,Divorced,Farming-fishing,Other-relative,White,Male,0,0,35,United-States,<=50K
52,Private,605503,1st-4th,7,Married-civ-spouse,Protective-serv,Not-in-family,White,Male,0,0,37,United-States,>50K
88,Private,192909,12th,1,Never-married,Craft-repair,Unmarried,White,Female,0,0,49,United-States,<=50K
70,Private,49380,9th,9,Divorced,Machine-op-inspct,Husband,White,Female,0,0,24,United-States,<=50K
71,Private,817637,HS-grad,8,Separated,Machine-op-inspct,Other-relative,White,Male,0,0,15,United-States,>50K
42,Government,222880,5th-6th,12,Married-civ-spouse,Machine-op-inspct,Own-child,White,Male,0,0,36,United-States,>50K
84,Self-emp,853391,Bachelors,14,Widowed,Craft-repair,Wife,White,Female,0,0,47,United-States,>50K
79,Private,339092,Masters,14,Married-civ-spouse,Protective-serv,Husband,White,Male,0,1091,77,United-States,<=50K
72,Private,519125,5th-6th,8,Never-married,Adm-clerical,Not-in-family,White,Male,0,0,84,Philippines,<=50K
63,Private,208857,9th,7,Divorced,Transport-moving,Not-in-family,White,Male,0,0,94,United-States,>50K
41,Private,470991,Bachelors,5,Married-civ-spouse,Handlers-cleaners,Husband,White,Male,78080,0,73,India,>50K
63,Government,194426,10th,3,Married-civ-spouse,Priv-house-serv,Own-child,White,Female,74595,0,39,United-States,<=50K
39,Private,116177,1st-4th,15,Married-civ-spouse,Exec-managerial,Unmarried,White,Female,0,2402,91,United-States,<=50K
28,Private,229885,11th,12,Never-married,Handlers-cleaners,Own-child,White,Female,0,0,12,United-States,<=50K
65,Self-emp,346515,Assoc-voc,14,Married-civ-spouse,Machine-op-inspct,Unmarried,White,Male,0,0,71,United-States,>50K
25,Private,694388,11th,9,Separated,Adm-clerical,Unmarried,White,Male,0,0,21,Canada,>50K
56,Private,467298,10th,14,Married-civ-spouse,Craft-repair,Not-in-family,White,Male,0,0,39,United-States,>50K
52,Private,332036,9th,7,Widowed,Prof-specialty,Unmarried,White,Male,0,0,94,United-States,>50K
66,Private,523307,Prof-school,11,Married-civ-spouse,Adm-clerical,Husband,White,Male,0,0,47,Canada,>50K
63,Private,155875,11th,10,Married-civ-spouse,Protective-serv,Unmarried,White,Female,0,0,94,United-States,<=50K
55,Private,88331,Prof-school,10,Married-civ-spouse,Prof-specialty,Husband,White,Male,0,0,69,United-States,>50K
25,Private,398829,Prof-school,8,Never-married,Craft-repair,Wife,White,Male,0,0,47,United-States,<=50K
71,Self-emp,122745,9th,14,Divorced,Tech-support,Not-in-family,White,Female,0,0,24,United-States,>50K
54,Private,681013,1st-4th,6,Married-civ-spouse,Priv-house-serv,Own-child,White,Female,0,0,27,United-States,<=50K
57,Government,899921,7th-8th,12,Married-civ-spouse,Other-service,Other-relative,White,Male,0,0,61,United-States,<=50K
51,Private,30674,Assoc-acdm,14,Married-civ-spouse,Transport-moving,Own-child,White,Male,0,0,38,United-States,>50K
34,Private,576633,Preschool,11,Divorced,Exec-managerial,Own-child,White,Male,0,0,69,United-States,>50K
50,Private,574208,12th,14,Married-civ-spouse,Handlers-cleaners,Other-relative,White,Male,0,0,30,United-States,>50K
64,Private,173686,Preschool,5,Never-married,Farming-fishing,Not-in-family,White,Male,0,0,26,United-States,<=50K
69,Private,815400,11th,15,Divorced,Farming-fishing,Unmarried,White,Female,0,0,27,United-States,<=50K
26,Private,93521,Some-college,8,Never-married,Other-service,Wife,White,Male,0,0,66,United-States,>50K
50,Self-emp,908534,Masters,3,Divorced,Adm-clerical,Own-child,White,Male,50663,0,46,United-States,<=50K
77,Private,653918,11th,12,Married-civ-spouse,Farming-fishing,Unmarried,Black,Male,0,0,69,United-States,>50K
38,Private,326994,7th-8th,13,Widowed,Priv-house-serv,Own-child,White,Male,0,0,47,United-States,<=50K
75,Government,203220,Assoc-voc,13,Married-civ-spouse,Sales,Not-in-family,Black,Female,0,0,21,United-States,<=50K
86,Private,201733,5th-6th,7,Married-civ-spouse,Farming-fishing,Not-in-family,White,Female,0,0,84,United-States,>50K
27,Private,289335,Masters,2,Never-married,Craft-repair,Husband,White,Male,0,0,93,United-States,<=50K
23,Self-emp,381299,Masters,3,Married-civ-spouse,Other-service,Not-in-family,White,Male,0,0,82,Philippines,>50K
30,Private,132033,7th-8th,15,Married-civ-spouse,Exec-managerial,Not-in-family,Black,Male,0,0,10,United-States,<=50K
82,Private,378754,10th,13,Married-civ-spouse,Other-service,Own-child,White,Male,0,0,67,United-States,>50K
37,Private,127415,5th-6th,12,Married-civ-spouse,Exec-managerial,Wife,White,Male,0,0,12,Mexico,<=50K
74,Private,776582,Assoc-acdm,15,Married-civ-spouse,Sales,Own-child,White,Male,0,0,72,United-States,>50K
63,Private,893876,9th,2,Married-civ-spouse,Protective-serv,Unmarried,White,Male,0,0,30,United-States,<=50K
25,Private,462826,12th,5,Married-civ-spouse,Transport-moving,Not-in-family,White,Male,0,0,32,United-States,<=50K
27,Government,55252,Masters,7,Never-married,Farming-fishing,Husband,White,Male,0,0,18,United-States,>50K
84,Self-emp,628896,7th-8th,11,Divorced,Protective-serv,Wife,White,Male,0,0,92,United-States,>50K
28,Private,153165,11th,10,Never-married,Other-service,Husband,White,Male,0,0,64,United-States,>50K
29,Private,345845,Assoc-voc,11,Divorced,Priv-house-serv,Other-relative,White,Male,76558,0,28,United-States,>50K
27,Government,909820,7th-8th,11,Never-married,Prof-specialty,Husband,White,Male,0,0,71,India,<=50K
42,Private,512440,Some-college,11,Never-married,Machine-op-inspct,Husband,White,Female,0,0,96,Germany,<=50K
66,Private,882523,1st-4th,15,Never-married,Protective-serv,Unmarried,Black,Male,0,0,48,United-States,>50K
66,Private,822457,Assoc-voc,10,Never-married,Priv-house-serv,Not-in-family,White,Male,0,0,85,United-States,<=50K
28,Self-emp,481326,Prof-school,15,Married-civ-spouse,Sales,Unmarried,White,Male,0,0,36,United-States,<=50K
79,Private,175408,9th,15,Divorced,Adm-clerical,Not-in-family,White,Male,0,0,55,United-States,>50K
53,Without-pay,887866,Preschool,15,Divorced,Prof-specialty,Unmarried,White,Male,0,0,43,United-States,>50K
56,Private,297580,HS-grad,13,Divorced,Exec-managerial,Not-in-family,White,Male,0,0,42,United-States,<=50K
70,Private,839122,Bachelors,14,Divorced,Other-service,Not-in-family,White,Female,0,0,59,United-States,>50K
73,Private,735800,Masters,1,Married-civ-spouse,Exec-managerial,Not-in-family,White,Male,0,535,29,United-States,>50K
18,Private,693454,10th,13,Married-civ-spouse,Exec-managerial,Husband,White,Male,0,0,49,United-States,<=50K
73,Self-emp,728759,5th-6th,10,Never-married,Armed-Forces,Other-relative,White,Male,0,0,67,United-States,>50K
21,Government,14509,12th,9,Never-married,Priv-house-serv,Not-in-family,White,Male,55202,0,40,United-States,<=50K
47,Private,211134,9th,1,Married-civ-spouse,Priv-house-serv,Other-relative,White,Male,0,0,47,United-States,<=50K
29,Government,310821,5th-6th,1,Married-civ-spouse,Sales,Other-relative,Black,Female,0,0,95,United-States,>50K
52,Self-emp,719861,Assoc-acdm,14,Divorced,Priv-house-serv,Own-child,White,Male,0,0,54,Other,<=50K
69,Private,701295,10th,15,Married-civ-spouse,Prof-specialty,Own-child,White,Female,0,0,50,United-States,<=50K
48,Private,609934,9th,12,Married-civ-spouse,Other-service,Wife,White,Female,0,0,18,United-States,<=50K
85,Private,656582,11th,10,Married-civ-spouse,Farming-fishing,Unmarried,White,Male,26524,0,18,United-States,<=50K
69,Private,520122,9th,8,Married-civ-spouse,Tech-support,Own-child,White,Male,0,0,72,United-States,>50K
24,Private,240716,9th,6,Married-civ-spouse,Handlers-cleaners,Not-in-family,White,Male,0,0,88,United-States,>50K
39,Private,919129,1st-4th,6,Never-married,Handlers-cleaners,Other-relative,White,Male,0,0,86,United-States,<=50K
73,Private,522543,Bachelors,12,Married-civ-spouse,Priv-house-serv,Unmarried,White,Male,0,0,31,United-States,<=50K
75,Self-emp,77050,HS-grad,9,Married-civ-spouse,Sales,Wife,White,Female,0,0,25,United-States,>50K
81,Self-emp,158867,Assoc-voc,15,Never-married,Adm-clerical,Own-child,White,Male,0,0,41,United-States,>50K
29,Private,103148,10th,4,Never-married,Priv-house-serv,Husband,White,Male,0,2998,75,United-States,<=50K
24,Private,50492,Doctorate,8,Married-civ-spouse,Craft-repair,Unmarried,White,Female,0,0,23,United-States,>50K
72,Private,931671,Masters,4,Never-married,Protective-serv,Wife,White,Male,0,0,47,United-States,<=50K
79,Private,617230,Bachelors,14,Separated,Tech-support,Not-in-family,White,Female,0,0,17,United-States,>50K
72,Private,891171,11th,2,Never-married,Other-service,Unmarried,White,Male,0,0,30,United-States,>50K
53,Private,249854,11th,11,Never-married,Handlers-cleaners,Other-relative,White,Male,0,0,65,United-States,>50K
41,Private,455126,Assoc-acdm,15,Never-married,Adm-clerical,Not-in-family,White,Female,0,0,55,United-States,>50K
61,Private,891216,Prof-school,8,Married-civ-spouse,Craft-repair,Not-in-family,White,Male,0,0,52,United-States,>50K
34,Private,906699,1st-4th,12,Never-married,Prof-specialty,Unmarried,White,Female,0,0,55,United-States,>50K
19,Private,936808,Masters,7,Never-married,Other-service,Husband,White,Female,0,0,57,United-States,<=50K
30,Self-emp,69289,5th-6th,4,Married-civ-spouse,Exec-managerial,Husband,Black,Female,0,0,79,Philippines,>50K
48,Government,539096,Assoc-voc,9,Divorced,Priv-house-serv,Unmarried,White,Male,0,0,93,United-States,>50K
45,Private,527654,11th,15,Never-married,Adm-clerical,Unmarried,White,Male,0,0,40,United-States,<=50K
77,Private,628279,Masters,9,Separated,Other-service,Unmarried,White,Female,0,0,42,United-States,>50K
44,Private,870801,Bachelors,8,Married-civ-spouse,Tech-support,Other-relative,White,Female,0,0,53,United-States,<=50K
32,Private,828329,Masters,14,Married-civ-spouse,Exec-managerial,Own-child,White,Female,0,0,80,United-States,>50K
50,Private,377181,5th-6th,1,Divorced,Tech-support,Not-in-family,Black,Male,0,0,17,Mexico,<=50K
37,Private,479181,11th,7,Married-civ-spouse,Machine-op-inspct,Unmarried,Black,Male,0,0,82,United-States,<=50K
59,Government,932411,9th,5,Divorced,Handlers-cleaners,Own-child,White,Female,0,0,11,United-States,<=50K
29,Private,87214,Preschool,7,Married-civ-spouse,Transport-moving,Other-relative,Black,Male,0,0,26,United-States,<=50K
40,Self-emp,865193,Prof-school,12,Divorced,Craft-repair,Not-in-family,Other,Female,0,0,61,United-States,<=50K
89,Private,404230,5th-6th,9,Never-married,Armed-Forces,Own-child,White,Female,0,0,54,United-States,>50K
31,Private,82304,11th,2,Married-civ-spouse,Transport-moving,Not-in-family,White,Male,0,0,46,United-States,>50K
42,Private,900194,Doctorate,13,Married-civ-spouse,Adm-clerical,Husband,White,Female,0,0,51,United-States,<=50K
48,Private,470773,9th,14,Married-civ-spouse,Exec-managerial,Unmarried,White,Female,0,0,53,Philippines,<=50K
71,Private,455044,Assoc-acdm,11,Married-civ-spouse,Handlers-cleaners,Husband,White,Male,0,0,90,United-States,<=50K
22,Private,593172,5th-6th,4,Never-married,Sales,Wife,White,Female,0,0,47,United-States,<=50K
30,Private,766770,11th,4,Divorced,Priv-house-serv,Other-relative,Other,Male,25875,0,15,United-States,>50K
45,Private,510495,Doctorate,2,Married-civ-spouse,Protective-serv,Unmarried,White,Female,0,0,77,United-States,<=50K
60,Private,870830,Prof-school,3,Married-civ-spouse,Tech-support,Own-child,White,Male,0,0,60,United-States,>50K
64,Government,643553,Bachelors,11,Married-civ-spouse,Armed-Forces,Not-in-family,White,Female,0,0,44,United-States,<=50K
88,Private,209192,Assoc-acdm,14,Never-married,Machine-op-inspct,Wife,Black,Male,0,0,67,United-States,>50K
55,Private,14942,5th-6th,14,Married-civ-spouse,Protective-serv,Other-relative,Other,Male,0,0,66,United-States,<=50K
84,Private,72681,Doctorate,13,Never-married,Tech-support,Other-relative,White,Female,0,0,82,United-States,<=50K
79,Government,502797,1st-4th,8,Divorced,Other-service,Other-relative,White,Male,0,0,15,United-States,<=50K
56,Private,635635,10th,12,Divorced,Prof-specialty,Own-child,White,Male,0,0,22,United-States,<=50K
54,Private,541658,Doctorate,9,Never-married,Machine-op-inspct,Unmarried,White,Female,0,0,68,United-States,<=50K
25,Private,447348,7th-8th,6,Never-married,Machine-op-inspct,Husband,White,Female,0,0,95,United-States,<=50K
69,Private,416888,1st-4th,10,Separated,Craft-repair,Wife,White,Male,0,0,39,United-States,<=50K
50,Private,718294,Assoc-voc,2,Divorced,Adm-clerical,Own-child,White,Male,0,0,11,United-States,>50K
59,Government,328353,5th-6th,2,Married-civ-spouse,Sales,Not-in-family,White,Male,0,0,67,United-States,>50K
44,Government,83905,Masters,7,Never-married,Sales,Own-child,White,Male,0,0,45,United-States,<=50K
25,Private,411683,10th,8,Married-civ-spouse,Armed-Forces,Not-in-family,White,Male,0,0,81,United-States,<=50K
40,Private,954439,9th,8,Never-married,Craft-repair,Not-in-family,White,Female,0,0,54,United-States,<=50K
81,Private,843153,Assoc-acdm,14,Never-married,Tech-support,Other-relative,White,Female,0,0,18,United-States,<=50K
37,Private,95401,Masters,6,Never-married,Farming-fishing,Own-child,White,Female,0,0,74,United-States,<=50K
33,Government,465446,Prof-school,10,Never-married,Handlers-cleaners,Husband,White,Female,0,0,86,United-States,>50K
34,Private,21551,5th-6th,8,Married-civ-spouse,Transport-moving,Not-in-family,White,Male,0,0,59,United-States,<=50K
36,Private,720284,1st-4th,14,Divorced,Farming-fishing,Other-relative,White,Male,0,0,88,United-States,>50K
25,Private,976156,Assoc-acdm,15,Married-civ-spouse,Other-service,Husband,White,Male,0,0,41,Other,<=50K
55,Self-emp,838816,Assoc-voc,1,Married-civ-spouse,Sales,Own-child,White,Male,0,0,52,United-States,>50K
55,Private,588776,Preschool,9,Married-civ-spouse,Transport-moving,Husband,White,Male,0,0,87,United-States,>50K
70,Private,893385,7th-8th,13,Married-civ-spouse,Adm-clerical,Own-child,White,Female,0,0,63,United-States,>50K
48,Private,189669,9th,12,Never-married,Prof-specialty,Not-in-family,Black,Male,0,0,56,United-States,>50K
61,Private,718634,Prof-school,1,Separated,Armed-Forces,Wife,White,Male,0,0,23,United-States,>50K
77,Government,127648,5th-6th,13,Divorced,Tech-support,Wife,White,Male,15826,0,57,United-States,>50K
34,Private,673257,Assoc-voc,3,Married-civ-spouse,Adm-clerical,Unmarried,Other,Female,0,0,64,United-States,<=50K
56,Private,471221,9th,12,Never-married,Adm-clerical,Unmarried,White,Male,0,0,38,United-States,>50K
59,Private,234269,Bachelors,9,Never-married,Exec-managerial,Not-in-family,White,Male,0,0,56,United-States,>50K
65,Self-emp,319748,Preschool,15,Never-married,Machine-op-inspct,Husband,White,Male,0,0,72,United-States,>50K
29,Private,239005,9th,11,Divorced,Handlers-cleaners,Own-child,White,Female,0,0,28,United-States,<=50K
35,Private,574107,Masters,5,Never-married,Transport-moving,Wife,White,Male,0,0,18,United-States,>50K
23,Private,381012,Assoc-voc,9,Married-civ-spouse,Machine-op-inspct,Own-child,White,Female,0,0,46,United-States,>50K
60,Private,128756,Masters,9,Separated,Adm-clerical,Not-in-family,Black,Female,0,0,61,United-States,<=50K
52,Self-emp,752723,1st-4th,6,Separated,Armed-Forces,Husband,Black,Male,0,0,66,United-States,<=50K
71,Government,150854,1st-4th,11,Never-married,Craft-repair,Own-child,White,Male,0,0,97,United-States,>50K
79,Private,564686,Some-college,1,Married-civ-spouse,Farming-fishing,Husband,White,Female,0,1962,37,United-States,<=50K
86,Private,325676,Some-college,10,Never-married,Exec-managerial,Wife,White,Male,0,0,45,India,<=50K
33,Government,822120,1st-4th,7,Divorced,Machine-op-inspct,Own-child,Other,Male,0,0,73,United-States,<=50K
25,Private,428860,Assoc-acdm,14,Divorced,Other-service,Other-relative,Amer-Indian-Eskimo,Female,0,0,27,Other,<=50K
48,Private,484755,Preschool,6,Never-married,Transport-moving,Wife,White,Female,0,0,98,United-States,<=50K
27,Private,504065,11th,9,Married-civ-spouse,Transport-moving,Husband,White,Female,0,0,44,United-States,>50K
73,Private,967937,Bachelors,7,Married-civ-spouse,Prof-specialty,Not-in-family,White,Female,0,0,77,United-States,<=50K
87,Private,685393,5th-6th,14,Never-married,Prof-specialty,Other-relative,White,Male,72066,0,87,United-States,>50K
37,Self-emp,454182,9th,12,Never-married,Handlers-cleaners,Unmarried,White,Male,0,0,48,Mexico,>50K
22,Self-emp,144979,Assoc-voc,11,Never-married,Protective-serv,Own-child,White,Female,0,0,17,United-States,<=50K
40,Private,701859,HS-grad,12,Married-civ-spouse,Transport-moving,Unmarried,White,Male,0,0,97,United-States,>50K
26,Private,233376,Preschool,13,Never-married,Other-service,Wife,White,Male,0,0,89,United-States,>50K
75,Private,83221,Doctorate,4,Married-civ-spouse,Machine-op-inspct,Own-child,White,Female,0,0,93,United-States,<=50K
76,Private,673633,Preschool,7,Never-married,Machine-op-inspct,Own-child,Black,Male,47828,0,24,Other,>50K
71,Private,727779,Bachelors,2,Married-civ-spouse,Adm-clerical,Other-relative,White,Male,0,0,16,United-States,>50K
63,Private,841098,Some-college,6,Never-married,Machine-op-inspct,Other-relative,White,Male,47567,0,26,United-States,>50K
39,Government,678838,7th-8th,15,Married-civ-spouse,Other-service,Other-relative,White,Male,0,0,95,United-States,>50K
81,Self-emp,368124,HS-grad,6,Widowed,Prof-specialty,Other-relative,White,Male,0,0,95,India,>50K
25,Private,217976,11th,2,Divorced,Adm-clerical,Not-in-family,White,Male,0,0,73,United-States,<=50K
37,Private,871985,9th,14,Never-married,Tech-support,Husband,White,Male,0,1932,21,Other,<=50K
68,Private,516343,HS-grad,4,Married-civ-spouse,Other-service,Other-relative,White,Male,0,0,91,United-States,>50K
56,Government,392701,Assoc-voc,8,Never-married,Craft-repair,Wife,White,Female,0,0,65,United-States,>50K
54,Private,646213,5th-6th,8,Divorced,Priv-house-serv,Own-child,White,Male,0,0,55,United-States,<=50K
67,Private,892647,10th,13,Married-civ-spouse,Machine-op-inspct,Unmarried,White,Female,0,0,56,United-States,<=50K
51,Private,18273,Doctorate,8,Divorced,Prof-specialty,Other-relative,White,Male,0,0,88,United-States,>50K
50,Government,845677,Doctorate,8,Never-married,Farming-fishing,Wife,White,Male,0,0,25,United-States,>50K
48,Government,886538,Doctorate,1,Married-civ-spouse,Transport-moving,Not-in-family,White,Female,0,0,78,United-States,>50K
71,Private,711760,Prof-school,2,Married-civ-spouse,Transport-moving,Wife,White,Male,0,0,11,United-States,<=50K
61,Government,49708,Prof-school,12,Divorced,Machine-op-inspct,Unmarried,White,Female,0,0,63,United-States,<=50K
51,Private,566840,Masters,15,Never-married,Craft-repair,Unmarried,White,Male,0,0,36,United-States,>50K
88,Private,716920,Assoc-acdm,4,Married-civ-spouse,Transport-moving,Wife,White,Female,21155,0,40,United-States,>50K
79,Self-emp,298574,1st-4th,12,Separated,Prof-specialty,Not-in-family,White,Male,0,0,50,United-States,>50K
40,Government,693935,10th,9,Separated,Handlers-cleaners,Unmarried,White,Female,0,0,45,United-States,>50K
63,Private,592721,HS-grad,3,Married-civ-spouse,Machine-op-inspct,Not-in-family,White,Male,0,0,56,Philippines,>50K
73,Private,321919,Some-college,14,Married-civ-spouse,Adm-clerical,Own-child,White,Female,0,0,52,United-States,>50K
24,Self-emp,53436,Assoc-acdm,6,Never-married,Exec-managerial,Other-relative,Asian-Pac-Islander,Male,0,0,74,United-States,<=50K
78,Self-emp,717984,10th,7,Separated,Transport-moving,Unmarried,White,Male,0,2213,59,United-States,<=50K
20,Government,174010,Prof-school,8,Never-married,Other-service,Wife,White,Female,0,0,10,United-States,<=50K
55,Private,36358,11th,13,Married-civ-spouse,Craft-repair,Husband,White,Male,0,0,81,United-States,>50K
51,Government,674129,HS-grad,7,Married-civ-spouse,Machine-op-inspct,Husband,White,Male,0,0,66,United-States,>50K
61,Without-pay,345939,11th,3,Divorced,Tech-support,Own-child,White,Female,0,0,25,United-States,<=50K
47,Private,109819,11th,6,Divorced,Farming-fishing,Husband,White,Male,0,0,37,United-States,>50K
34,Self-emp,891697,HS-grad,5,Married-civ-spouse,Prof-specialty,Own-child,Black,Male,0,0,95,United-States,<=50K
76,Private,608016,Some-college,15,Divorced,Craft-repair,Other-relative,White,Male,38355,0,91,United-States,>50K
27,Private,634790,HS-grad,13,Married-civ-spouse,Other-service,Own-child,White,Female,0,0,31,Other,<=50K
35,Private,813717,12th,12,Married-civ-spouse,Machine-op-inspct,Not-in-family,White,Male,0,0,50,Philippines,>50K
62,Private,163359,Masters,10,Married-civ-spouse,Tech-support,Not-in-family,White,Male,0,0,85,United-States,<=50K
76,Private,843793,Some-college,4,Married-civ-spouse,Prof-specialty,Not-in-family,White,Female,0,0,28,United-States,<=50K
79,Government,973309,Doctorate,1,Never-married,Other-service,Unmarried,White,Female,0,0,98,United-States,<=50K
76,Private,565635,12th,14,Married-civ-spouse,Prof-specialty,Not-in-family,White,Male,0,0,59,United-States,>50K
66,Private,247131,9th,13,Divorced,Other-service,Not-in-family,White,Male,0,0,68,United-States,>50K
80,Government,412202,12th,7,Married-civ-spouse,Transport-moving,Not-in-family,Black,Male,0,0,78,United-States,<=50K
49,Private,274210,Preschool,8,Married-civ-spouse,Transport-moving,Not-in-family,Black,Male,0,0,43,United-States,>50K
27,Private,52779,Prof-school,2,Married-civ-spouse,Machine-op-inspct,Unmarried,White,Male,0,0,48,United-States,<=50K
28,Private,237362,10th,7,Married-civ-spouse,Exec-managerial,Not-in-family,White,Male,0,0,83,United-States,>50K
87,Private,329858,Assoc-voc,6,Married-civ-spouse,Sales,Not-in-family,Black,Male,0,0,16,United-States,>50K
79,Private,880890,Masters,5,Never-married,Adm-clerical,Other-relative,Black,Male,0,0,61,United-States,>50K
64,Self-emp,374355,HS-grad,13,Married-civ-spouse,Exec-managerial,Unmarried,White,Female,0,0,69,United-States,<=50K
51,Private,590400,12th,4,Married-civ-spouse,Priv-house-serv,Not-in-family,White,Female,0,2789,61,India,<=50K
34,Self-emp,648192,Assoc-acdm,2,Never-married,Armed-Forces,Own-child,White,Female,0,0,88,United-States,>50K
71,Private,904982,10th,10,Married-civ-spouse,Sales,Other-relative,White,Male,0,0,33,United-States,<=50K
57,Private,120962,1st-4th,6,Never-married,Machine-op-inspct,Unmarried,Other,Male,0,0,35,United-States,>50K
36,Private,200104,Doctorate,5,Married-civ-spouse,Machine-op-inspct,Husband,White,Female,0,0,19,United-States,<=50K
84,Self-emp,816137,12th,2,Married-civ-spouse,Machine-op-inspct,Wife,Black,Female,0,0,26,United-States,<=50K
70,Private,248706,HS-grad,10,Divorced,Sales,Unmarried,White,Male,0,0,87,United-States,>50K
81,Private,951608,5th-6th,7,Widowed,Protective-serv,Other-relative,Asian-Pac-Islander,Female,0,0,11,United-States,>50K
64,Private,498784,Preschool,6,Married-civ-spouse,Tech-support,Not-in-family,White,Female,0,0,86,United-States,<=50K
23,Private,872888,Preschool,12,Married-civ-spouse,Craft-repair,Other-relative,White,Female,0,0,36,United-States,<=50K
33,Private,52125,Assoc-acdm,15,Married-civ-spouse,Sales,Wife,White,Female,0,0,82,United-States,>50K
89,Private,330996,Bachelors,15,Married-civ-spouse,Farming-fishing,Wife,White,Male,0,0,80,United-States,>50K
35,Private,384197,Assoc-acdm,11,Never-married,Craft-repair,Unmarried,White,Male,0,0,57,United-States,<=50K
69,Self-emp,440542,Assoc-acdm,9,Married-civ-spouse,Transport-moving,Not-in-family,Asian-Pac-Islander,Female,0,0,83,United-States,>50K
65,Private,108226,Some-college,11,Never-married,Farming-fishing,Not-in-family,White,Female,0,0,18,Other,>50K
60,Private,579824,Preschool,10,Married-civ-spouse,Armed-Forces,Own-child,Black,Male,0,0,95,United-States,<=50K
56,Private,195142,1st-4th,5,Never-married,Armed-Forces,Wife,Black,Male,0,0,32,United-States,<=50K
66,Private,428315,12th,9,Divorced,Other-service,Not-in-family,White,Male,0,0,80,United-States,>50K
29,Government,921570,12th,9,Never-married,Adm-clerical,Wife,White,Female,0,0,82,United-States,<=50K
27,Private,112643,7th-8th,13,Married-civ-spouse,Adm-clerical,Own-child,White,Female,0,0,36,United-States,<=50K
88,Private,436222,5th-6th,1,Never-married,Armed-Forces,Husband,White,Male,0,0,97,United-States,<=50K
72,Self-emp,388052,Assoc-acdm,5,Never-married,Transport-moving,Wife,White,Male,0,0,90,United-States,<=50K
18,Private,256528,1st-4th,9,Divorced,Adm-clerical,Own-child,White,Male,0,0,93,United-States,>50K
66,Private,559098,5th-6th,7,Never-married,Handlers-cleaners,Own-child,White,Female,22352,0,80,United-States,<=50K
53,Private,229322,Masters,6,Never-married,Sales,Own-child,White,Female,0,0,52,India,>50K
38,Self-emp,135640,10th,6,Never-married,Tech-support,Other-relative,White,Female,0,0,16,United-States,<=50K
54,Government,370038,Assoc-voc,11,Married-civ-spouse,Other-service,Unmarried,White,Male,0,0,92,United-States,>50K
41,Government,500785,Some-college,7,Divorced,Armed-Forces,Not-in-family,Asian-Pac-Islander,Male,0,0,72,United-States,<=50K
72,Private,541676,Some-college,1,Never-married,Machine-op-inspct,Wife,White,Male,0,0,93,United-States,>50K
42,Without-pay,391424,Preschool,4,Married-civ-spouse,Sales,Unmarried,Asian-Pac-Islander,Male,0,0,53,United-States,>50K
24,Private,101631,Some-college,13,Divorced,Farming-fishing,Other-relative,White,Female,0,0,48,United-States,>50K
88,Private,331391,12th,15,Separated,Farming-fishing,Wife,White,Female,0,0,49,United-States,<=50K
88,Self-emp,795709,10th,1,Divorced,Craft-repair,Unmarried,White,Female,0,0,16,United-States,<=50K
41,Private,872394,Masters,6,Married-civ-spouse,Armed-Forces,Other-relative,White,Female,0,0,79,United-States,<=50K
28,Private,968354,7th-8th,14,Married-civ-spouse,Machine-op-inspct,Not-in-family,White,Male,0,0,34,United-States,<=50K
29,Private,744818,11th,13,Never-married,Handlers-cleaners,Own-child,White,Female,0,1941,68,United-States,>50K
52,Private,166583,10th,4,Separated,Transport-moving,Unmarried,White,Female,0,0,22,United-States,<=50K
80,Self-emp,199684,HS-grad,1,Separated,Farming-fishing,Unmarried,White,Female,0,0,95,United-States,>50K
85,Private,704584,Bachelors,9,Never-married,Adm-clerical,Wife,White,Male,0,0,90,United-States,<=50K
74,Private,35394,Bachelors,12,Divorced,Craft-repair,Own-child,White,Male,0,0,95,Mexico,>50K
30,Private,759039,HS-grad,4,Married-civ-spouse,Exec-managerial,Not-in-family,White,Male,0,0,71,United-States,<=50K
40,Government,63269,Doctorate,12,Married-civ-spouse,Prof-specialty,Wife,White,Female,0,0,17,United-States,>50K
56,Self-emp,724819,Some-college,6,Married-civ-spouse,Protective-serv,Husband,White,Male,0,0,54,United-States,<=50K
29,Private,77975,Preschool,13,Married-civ-spouse,Craft-repair,Husband,White,Male,0,0,27,United-States,<=50K
51,Without-pay,234571,9th,7,Never-married,Craft-repair,Husband,White,Female,0,0,97,United-States,<=50K
88,Self-emp,527184,10th,8,Never-married,Protective-serv,Not-in-family,Black,Male,0,0,69,Other,<=50K
48,Private,806451,HS-grad,12,Divorced,Armed-Forces,Husband,White,Male,0,0,69,United-States,>50K
79,Private,818902,Preschool,13,Widowed,Armed-Forces,Unmarried,White,Male,0,0,11,United-States,>50K
30,Private,850408,11th,11,Separated,Farming-fishing,Wife,White,Female,0,0,75,United-States,<=50K
48,Self-emp,397612,11th,9,Never-married,Armed-Forces,Unmarried,White,Male,0,0,23,United-States,>50K
19,Private,140752,Assoc-acdm,9,Divorced,Sales,Husband,White,Female,0,0,57,United-States,>50K
32,Private,889159,1st-4th,8,Married-civ-spouse,Machine-op-inspct,Wife,White,Male,0,0,65,Mexico,>50K
74,Private,118369,10th,10,Divorced,Armed-Forces,Unmarried,White,Female,54075,0,21,United-States,<=50K
51,Government,975507,Assoc-acdm,11,Married-civ-spouse,Protective-serv,Not-in-family,White,Male,0,0,64,Mexico,>50K
85,Private,645091,Assoc-acdm,15,Married-civ-spouse,Transport-moving,Own-child,White,Male,0,0,37,United-States,>50K
46,Government,757245,Assoc-acdm,12,Separated,Exec-managerial,Unmarried,White,Female,0,0,98,United-States,<=50K
83,Government,214999,9th,12,Married-civ-spouse,Adm-clerical,Other-relative,White,Male,0,1310,13,United-States,<=50K
33,Private,695018,9th,15,Married-civ-spouse,Sales,Husband,White,Male,0,160,45,Other,>50K
56,Private,608193,7th-8th,14,Divorced,Other-service,Other-relative,White,Male,0,0,59,United-States,>50K
54,Private,346802,Bachelors,3,Divorced,Farming-fishing,Own-child,White,Female,0,0,12,United-States,<=50K
38,Government,284072,12th,12,Married-civ-spouse,Machine-op-inspct,Not-in-family,White,Male,0,0,10,United-States,>50K
61,Private,306948,9th,2,Married-civ-spouse,Tech-support,Unmarried,White,Female,0,0,26,United-States,>50K
36,Private,773341,Prof-school,5,Widowed,Adm-clerical,Not-in-family,White,Male,0,0,80,United-States,>50K
88,Private,61243,11th,1,Married-civ-spouse,Sales,Own-child,White,Male,0,0,71,United-States,<=50K
25,Private,965822,Masters,3,Never-married,Transport-moving,Other-relative,White,Male,0,0,57,United-States,<=50K
83,Government,131118,12th,1,Divorced,Adm-clerical,Unmarried,White,Male,0,0,71,United-States,<=50K
58,Private,188884,11th,13,Married-civ-spouse,Machine-op-inspct,Husband,White,Male,10212,0,78,Mexico,>50K
87,Government,448264,Assoc-acdm,3,Married-civ-spouse,Other-service,Wife,White,Male,0,0,28,Mexico,>50K
78,Private,923993,9th,13,Never-married,Other-service,Not-in-family,White,Male,0,0,43,United-States,>50K
43,Private,140218,12th,4,Never-married,Armed-Forces,Own-child,White,Female,0,0,58,United-States,>50K
88,Government,970379,Some-college,7,Married-civ-spouse,Adm-clerical,Unmarried,Black,Male,0,0,89,United-States,>50K
87,Private,769990,1st-4th,12,Married-civ-spouse,Other-service,Other-relative,White,Male,0,0,56,United-States,>50K
46,Government,689951,7th-8th,15,Married-civ-spouse,Sales,Husband,White,Female,0,0,59,United-States,>50K
83,Private,918783,Prof-school,12,Never-married,Adm-clerical,Other-relative,White,Male,0,0,98,United-States,<=50K
36,Private,417107,Prof-school,5,Married-civ-spouse,Priv-house-serv,Husband,Other,Male,0,0,35,United-States,>50K
85,Private,381574,Bachelors,5,Married-civ-spouse,Sales,Unmarried,Black,Female,0,0,65,United-States,<=50K
75,Without-pay,772692,Assoc-acdm,13,Married-civ-spouse,Transport-moving,Wife,White,Female,0,1568,87,United-States,>50K
87,Government,542009,10th,1,Divorced,Other-service,Wife,White,Male,0,0,23,United-States,<=50K
74,Private,487293,Masters,8,Never-married,Armed-Forces,Own-child,White,Female,0,0,87,United-States,<=50K
54,Private,167224,Masters,13,Never-married,Handlers-cleaners,Own-child,White,Male,0,0,34,United-States,>50K
78,Private,190529,Prof-school,4,Married-civ-spouse,Prof-specialty,Husband,White,Male,0,0,13,United-States,>50K
47,Private,344803,Assoc-voc,10,Married-civ-spouse,Tech-support,Husband,White,Male,0,0,88,United-States,<=50K
88,Self-emp,519957,Assoc-voc,5,Married-civ-spouse,Armed-Forces,Husband,White,Female,0,0,41,United-States,<=50K
42,Private,922202,Preschool,2,Married-civ-spouse,Farming-fishing,Husband,White,Male,0,0,91,United-States,>50K
82,Government,736708,HS-grad,15,Never-married,Machine-op-inspct,Unmarried,Black,Male,0,0,87,United-States,<=50K
23,Private,963616,Prof-school,12,Married-civ-spouse,Tech-support,Unmarried,White,Male,0,948,74,United-States,>50K
35,Self-emp,817272,12th,13,Married-civ-spouse,Sales,Wife,White,Male,0,0,70,United-States,>50K
27,Private,666568,Doctorate,1,Divorced,Prof-specialty,Own-child,White,Male,0,0,29,United-States,>50K
28,Private,945746,Preschool,9,Never-married,Prof-specialty,Own-child,White,Male,0,0,83,United-States,>50K
82,Government,225695,9th,15,Divorced,Handlers-cleaners,Not-in-family,White,Male,4881,0,19,United-States,<=50K
82,Private,536259,Some-college,2,Never-married,Armed-Forces,Own-child,White,Male,0,0,97,United-States,<=50K
69,Government,564083,Bachelors,6,Never-married,Transport-moving,Own-child,Asian-Pac-Islander,Male,0,0,43,United-States,<=50K
84,Government,371561,Doctorate,1,Never-married,Priv-house-serv,Other-relative,White,Male,0,0,70,United-States,>50K
48,Private,666343,Assoc-acdm,1,Never-married,Armed-Forces,Other-relative,White,Male,57623,0,36,United-States,<=50K
34,Private,676862,Masters,9,Married-civ-spouse,Exec-managerial,Not-in-family,White,Male,0,0,49,United-States,<=50K
72,Private,956081,Doctorate,4,Married-civ-spouse,Exec-managerial,Husband,White,Female,0,0,74,United-States,<=50K
53,Private,119267,HS-grad,9,Never-married,Sales,Not-in-family,White,Male,0,0,42,United-States,<=50K
43,Private,398176,10th,11,Separated,Prof-specialty,Not-in-family,White,Male,0,0,77,United-States,>50K
70,Private,413570,12th,5,Never-married,Handlers-cleaners,Wife,White,Male,0,0,80,United-States,>50K
34,Private,270371,11th,7,Never-married,Farming-fishing,Unmarried,White,Male,0,0,18,United-States,>50K
42,Private,208735,Preschool,1,Married-civ-spouse,Farming-fishing,Own-child,White,Male,0,0,25,United-States,<=50K
19,Private,750919,Preschool,6,Divorced,Tech-support,Wife,White,Male,0,0,14,United-States,>50K
22,Private,427076,Assoc-voc,8,Widowed,Adm-clerical,Unmarried,White,Male,0,0,32,United-States,>50K
21,Private,698688,9th,14,Never-married,Armed-Forces,Own-child,White,Male,0,0,52,United-States,<=50K
53,Private,475404,Masters,1,Married-civ-spouse,Machine-op-inspct,Not-in-family,White,Male,0,2089,98,United-States,>50K
23,Private,368659,1st-4th,9,Married-civ-spouse,Handlers-cleaners,Own-child,White,Male,0,0,66,Mexico,>50K
38,Private,52769,HS-grad,3,Divorced,Adm-clerical,Husband,White,Male,0,0,60,United-States,<=50K
43,Private,948275,1st-4th,1,Married-civ-spouse,Other-service,Husband,White,Male,0,0,22,United-States,>50K
72,Private,62084,1st-4th,1,Married-civ-spouse,Farming-fishing,Not-in-family,White,Male,0,0,33,Other,>50K
56,Self-emp,575538,5th-6th,13,Never-married,Sales,Other-relative,Black,Male,0,0,20,United-States,<=50K
50,Private,383277,12th,14,Married-civ-spouse,Handlers-cleaners,Husband,Asian-Pac-Islander,Female,0,0,61,United-States,>50K
31,Private,765573,1st-4th,11,Never-married,Prof-specialty,Not-in-family,White,Male,0,2923,26,Other,<=50K
73,Government,713227,Masters,6,Never-married,Armed-Forces,Wife,White,Female,0,0,46,United-States,>50K
38,Self-emp,377678,Masters,11,Never-married,Protective-serv,Other-relative,White,Male,0,0,22,United-States,<=50K
63,Private,481633,5th-6th,6,Never-married,Craft-repair,Husband,White,Male,0,0,71,United-States,>50K
33,Private,191652,Assoc-acdm,1,Divorced,Craft-repair,Not-in-family,White,Female,0,0,93,Mexico,>50K
33,Private,682691,10th,14,Never-married,Farming-fishing,Not-in-family,White,Female,0,0,17,United-States,>50K
46,Private,872687,Masters,14,Divorced,Handlers-cleaners,Wife,White,Male,0,0,65,United-States,>50K
25,Without-pay,896084,Masters,3,Separated,Adm-clerical,Wife,White,Male,0,0,92,Philippines,<=50K
20,Private,542860,5th-6th,7,Married-civ-spouse,Transport-moving,Other-relative,White,Female,0,0,79,United-States,<=50K
36,Government,282040,Some-college,10,Never-married,Priv-house-serv,Unmarried,White,Female,0,0,53,United-States,<=50K
83,Private,567365,9th,3,Married-civ-spouse,Adm-clerical,Husband,White,Male,0,0,69,United-States,>50K
39,Without-pay,750694,Assoc-acdm,3,Married-civ-spouse,Handlers-cleaners,Not-in-family,White,Male,0,0,50,United-States,>50K
63,Private,998829,Masters,3,Married-civ-spouse,Transport-moving,Other-relative,White,Male,0,0,30,United-States,>50K
30,Private,347370,7th-8th,12,Divorced,Machine-op-inspct,Other-relative,Black,Male,0,0,95,United-States,>50K
50,Private,533319,Masters,7,Married-civ-spouse,Farming-fishing,Wife,White,Male,0,0,51,United-States,>50K
22,Private,512606,Preschool,4,Divorced,Other-service,Not-in-family,White,Male,0,0,83,Mexico,>50K
44,Private,770232,10th,4,Never-married,Tech-support,Own-child,White,Male,0,0,83,United-States,>50K
41,Self-emp,318365,10th,3,Married-civ-spouse,Handlers-cleaners,Unmarried,Black,Female,0,0,38,United-States,<=50K
84,Private,313764,Assoc-acdm,10,Divorced,Machine-op-inspct,Unmarried,White,Male,0,0,89,Mexico,<=50K
80,Self-emp,357511,Assoc-acdm,11,Married-civ-spouse,Craft-repair,Wife,White,Male,0,0,74,United-States,>50K
65,Private,651249,1st-4th,9,Divorced,Adm-clerical,Not-in-family,White,Female,0,0,26,United-States,>50K
80,Private,888041,Some-college,2,Never-married,Sales,Other-relative,White,Female,0,0,39,United-States,<=50K
29,Government,675624,Preschool,4,Married-civ-spouse,Farming-fishing,Unmarried,White,Male,0,0,35,United-States,<=50K
45,Private,26049,Prof-school,8,Widowed,Transport-moving,Other-relative,White,Male,0,0,62,United-States,>50K
61,Private,742524,7th-8th,6,Divorced,Adm-clerical,Husband,White,Male,0,0,28,United-States,<=50K
60,Private,470894,Bachelors,14,Never-married,Protective-serv,Own-child,White,Male,0,0,62,United-States,>50K
34,Private,352523,HS-grad,7,Never-married,Other-service,Wife,Black,Male,0,2263,94,United-States,<=50K
57,Government,39236,12th,13,Never-married,Machine-op-inspct,Unmarried,White,Male,0,0,26,United-States,<=50K
66,Private,779839,12th,7,Married-civ-spouse,Transport-moving,Husband,White,Male,74298,0,55,United-States,<=50K
74,Private,773461,Doctorate,2,Married-civ-spouse,Craft-repair,Husband,White,Male,0,0,94,United-States,>50K
81,Government,252863,11th,4,Divorced,Armed-Forces,Own-child,White,Male,0,0,62,Germany,<=50K
74,Private,948627,Bachelors,10,Never-married,Other-service,Wife,Black,Male,0,0,73,United-States,<=50K
87,Private,167079,Bachelors,10,Married-civ-spouse,Tech-support,Wife,White,Male,0,0,54,Mexico,>50K
60,Government,806574,5th-6th,6,Widowed,Exec-managerial,Other-relative,White,Male,0,2598,58,United-States,<=50K
40,Private,38498,Bachelors,3,Married-civ-spouse,Sales,Wife,White,Male,0,0,28,United-States,<=50K
44,Self-emp,698586,Bachelors,9,Married-civ-spouse,Protective-serv,Husband,White,Female,0,1835,80,United-States,<=50K
75,Private,50348,5th-6th,13,Married-civ-spouse,Tech-support,Other-relative,White,Male,0,332,90,United-States,<=50K
54,Self-emp,299668,10th,4,Divorced,Farming-fishing,Wife,White,Female,0,0,74,United-States,<=50K
23,Government,190561,Some-college,10,Never-married,Adm-clerical,Own-child,White,Female,0,0,46,Mexico,<=50K
82,Private,680658,Masters,13,Married-civ-spouse,Prof-specialty,Husband,Other,Male,0,0,79,United-States,<=50K
23,Private,153207,Prof-school,2,Divorced,Prof-specialty,Not-in-family,White,Male,0,0,35,United-States,<=50K
67,Private,654426,Some-college,6,Married-civ-spouse,Armed-Forces,Own-child,White,Male,0,0,11,United-States,>50K
39,Self-emp,82916,HS-grad,1,Never-married,Transport-moving,Own-child,White,Male,0,0,68,United-States,<=50K
42,Private,495341,7th-8th,6,Married-civ-spouse,Craft-repair,Wife,White,Female,80143,0,14,United-States,<=50K
89,Private,370146,11th,13,Divorced,Armed-Forces,Other-relative,White,Male,0,0,46,United-States,<=50K
68,Private,571076,Some-college,12,Never-married,Handlers-cleaners,Other-relative,White,Male,0,0,40,United-States,>50K
65,Government,690280,Preschool,10,Divorced,Priv-house-serv,Husband,White,Male,0,0,85,United-States,>50K
87,Private,596303,HS-grad,1,Married-civ-spouse,Priv-house-serv,Wife,White,Male,0,0,57,Mexico,<=50K
82,Private,466226,7th-8th,14,Married-civ-spouse,Adm-clerical,Other-relative,White,Male,0,0,15,United-States,>50K
77,Private,146715,HS-grad,8,Never-married,Prof-specialty,Unmarried,Black,Male,0,0,24,United-States,>50K
63,Private,584382,5th-6th,5,Never-married,Transport-moving,Not-in-family,White,Male,0,0,24,United-States,<=50K
53,Private,157801,1st-4th,6,Never-married,Machine-op-inspct,Unmarried,White,Female,0,0,70,United-States,<=50K
75,Private,587334,Prof-school,2,Never-married,Priv-house-serv,Wife,White,Male,0,0,25,United-States,>50K
55,Government,398343,HS-grad,2,Widowed,Exec-managerial,Wife,White,Male,0,0,29,United-States,<=50K
28,Without-pay,726399,10th,12,Married-civ-spouse,Craft-repair,Other-relative,White,Male,86656,0,86,United-States,<=50K
29,Private,444500,9th,9,Married-civ-spouse,Protective-serv,Own-child,White,Male,0,0,53,United-States,>50K
59,Private,475362,Doctorate,3,Married-civ-spouse,Sales,Wife,White,Male,0,0,51,United-States,<=50K
56,Private,356202,10th,6,Married-civ-spouse,Priv-house-serv,Own-child,White,Male,0,0,55,United-States,>50K
88,Private,358453,5th-6th,10,Never-married,Tech-support,Husband,White,Male,0,0,43,United-States,<=50K
28,Private,546092,5th-6th,5,Never-married,Tech-support,Husband,White,Male,0,0,73,United-States,>50K
53,Private,723227,HS-grad,14,Married-civ-spouse,Prof-specialty,Other-relative,White,Male,0,0,38,United-States,>50K
69,Private,935320,Some-college,12,Divorced,Craft-repair,Husband,White,Female,10978,0,12,United-States,>50K
48,Self-emp,954977,1st-4th,4,Never-married,Prof-specialty,Unmarried,White,Male,0,0,18,Mexico,>50K
50,Self-emp,677292,HS-grad,10,Divorced,Tech-support,Unmarried,White,Male,0,0,84,United-States,>50K
30,Private,190482,Some-college,2,Married-civ-spouse,Transport-moving,Unmarried,White,Male,0,2421,84,United-States,>50K
35,Private,355174,7th-8th,8,Never-married,Farming-fishing,Other-relative,White,Female,0,0,34,United-States,<=50K
58,Government,426925,Masters,10,Married-civ-spouse,Other-service,Other-relative,White,Male,0,0,95,United-States,>50K
75,Government,367869,Doctorate,7,Never-married,Armed-Forces,Unmarried,White,Male,0,0,51,United-States,>50K
73,Private,892873,9th,11,Separated,Adm-clerical,Own-child,White,Female,0,0,55,Philippines,<=50K
41,Private,540775,7th-8th,2,Married-civ-spouse,Craft-repair,Unmarried,White,Female,0,0,82,United-States,>50K
48,Private,420420,HS-grad,6,Married-civ-spouse,Machine-op-inspct,Own-child,White,Female,0,0,93,United-States,>50K
72,Private,540276,Bachelors,14,Never-married,Prof-specialty,Husband,White,Male,0,0,68,United-States,<=50K
27,Private,37364,11th,8,Married-civ-spouse,Priv-house-serv,Own-child,White,Male,55441,0,30,United-States,>50K
77,Private,703763,Assoc-voc,7,Married-civ-spouse,Prof-specialty,Wife,White,Male,0,0,83,United-States,>50K
19,Private,555336,Bachelors,15,Never-married,Handlers-cleaners,Not-in-family,White,Female,0,0,31,United-States,>50K
32,Private,148165,Masters,1,Married-civ-spouse,Exec-managerial,Wife,White,Male,0,0,38,United-States,<=50K
20,Private,243980,9th,5,Married-civ-spouse,Priv-house-serv,Wife,Black,Male,92341,0,72,United-States,<=50K
60,Government,355627,7th-8th,2,Divorced,Transport-moving,Other-relative,White,Male,0,0,82,United-States,>50K
48,Private,825628,9th,6,Married-civ-spouse,Sales,Not-in-family,White,Female,0,0,70,United-States,<=50K
87,Private,32727,Prof-school,7,Married-civ-spouse,Prof-specialty,Other-relative,White,Male,0,0,73,United-States,>50K
84,Private,707527,1st-4th,14,Divorced,Machine-op-inspct,Own-child,White,Male,0,0,78,United-States,>50K
73,Private,428100,Masters,14,Married-civ-spouse,Sales,Unmarried,White,Male,0,0,49,United-States,>50K
80,Private,831039,Doctorate,7,Divorced,Exec-managerial,Own-child,White,Male,0,0,84,United-States,<=50K
32,Private,476427,1st-4th,3,Widowed,Handlers-cleaners,Not-in-family,White,Male,0,0,10,India,>50K
27,Private,316456,10th,7,Never-married,Prof-specialty,Husband,White,Male,0,0,74,United-States,<=50K
55,Private,575057,5th-6th,15,Married-civ-spouse,Protective-serv,Own-child,White,Male,0,0,71,United-States,<=50K
64,Private,140205,7th-8th,5,Married-civ-spouse,Sales,Wife,Asian-Pac-Islander,Male,0,0,63,United-States,>50K
74,Self-emp,412791,HS-grad,8,Divorced,Protective-serv,Not-in-family,White,Male,0,1927,69,United-States,<=50K
67,Private,700434,7th-8th,15,Never-married,Sales,Not-in-family,Black,Male,0,0,55,United-States,<=50K
88,Private,515750,Bachelors,12,Never-married,Farming-fishing,Own-child,White,Male,0,0,14,United-States,>50K
32,Private,232364,1st-4th,8,Never-married,Sales,Own-child,White,Male,0,0,31,United-States,>50K
35,Private,676024,Masters,7,Married-civ-spouse,Tech-support,Other-relative,White,Male,0,0,62,United-States,<=50K
19,Private,352794,11th,6,Divorced,Exec-managerial,Other-relative,White,Male,0,0,79,United-States,<=50K
60,Private,359204,HS-grad,2,Never-married,Machine-op-inspct,Wife,White,Male,0,0,41,United-States,<=50K
43,Without-pay,782734,Masters,6,Separated,Handlers-cleaners,Not-in-family,Asian-Pac-Islander,Male,0,0,20,United-States,>50K
88,Government,610983,12th,13,Married-civ-spouse,Exec-managerial,Husband,Black,Female,0,0,19,United-States,<=50K
55,Private,154371,Bachelors,12,Divorced,Other-service,Husband,White,Male,0,0,48,United-States,<=50K
59,Government,796270,1st-4th,15,Married-civ-spouse,Transport-moving,Not-in-family,White,Female,0,0,40,United-States,>50K
22,Private,923757,Assoc-acdm,11,Divorced,Tech-support,Wife,White,Male,61312,0,21,United-States,<=50K
28,Government,518864,10th,9,Married-civ-spouse,Protective-serv,Other-relative,Asian-Pac-Islander,Female,0,0,89,United-States,<=50K
82,Private,955536,Preschool,15,Separated,Handlers-cleaners,Other-relative,White,Female,0,0,47,United-States,>50K
51,Private,313541,5th-6th,2,Never-married,Protective-serv,Other-relative,White,Male,0,0,76,United-States,>50K
18,Private,731351,HS-grad,1,Never-married,Transport-moving,Husband,White,Male,0,0,75,United-States,>50K
19,Private,459135,HS-grad,11,Widowed,Other-service,Husband,White,Male,0,0,61,United-States,<=50K
37,Self-emp,380209,Bachelors,13,Married-civ-spouse,Sales,Wife,Other,Male,0,0,14,United-States,<=50K
78,Government,199519,Prof-school,5,Never-married,Armed-Forces,Husband,White,Female,0,0,20,United-States,>50K
38,Private,599786,7th-8th,11,Never-married,Exec-managerial,Own-child,White,Female,0,0,34,United-States,>50K
85,Self-emp,924883,Assoc-acdm,6,Divorced,Protective-serv,Husband,White,Female,0,0,44,United-States,>50K
29,Self-emp,642402,5th-6th,3,Never-married,Priv-house-serv,Other-relative,White,Male,0,0,44,United-States,<=50K
39,Private,54572,9th,8,Married-civ-spouse,Machine-op-inspct,Wife,White,Female,0,0,31,United-States,>50K
37,Private,240888,Preschool,7,Never-married,Protective-serv,Not-in-family,White,Female,0,0,46,United-States,>50K
18,Private,211346,Masters,2,Married-civ-spouse,Handlers-cleaners,Not-in-family,White,Male,0,0,95,United-States,<=50K
47,Private,501018,HS-grad,12,Divorced,Adm-clerical,Wife,Black,Male,0,0,64,United-States,<=50K
41,Private,944279,7th-8th,7,Married-civ-spouse,Transport-moving,Own-child,White,Female,0,0,84,United-States,<=50K
31,Private,45389,Preschool,15,Married-civ-spouse,Other-service,Not-in-family,White,Male,0,0,81,United-States,>50K
53,Private,933680,Assoc-voc,15,Married-civ-spouse,Armed-Forces,Other-relative,Black,Female,0,0,73,United-States,>50K
86,Private,582551,Doctorate,1,Married-civ-spouse,Transport-moving,Not-in-family,White,Male,0,0,29,United-States,>50K
41,Government,412328,Doctorate,9,Married-civ-spouse,Farming-fishing,Not-in-family,White,Female,50684,0,13,United-States,<=50K
77,Private,228711,Assoc-voc,13,Married-civ-spouse,Tech-support,Other-relative,White,Male,61519,0,27,United-States,>50K
72,Private,245417,9th,7,Married-civ-spouse,Tech-support,Husband,White,Male,62248,0,60,United-States,>50K
41,Private,954537,Preschool,6,Never-married,Priv-house-serv,Own-child,White,Male,0,0,77,United-States,<=50K
41,Private,29984,Some-college,13,Never-married,Farming-fishing,Other-relative,Asian-Pac-Islander,Female,0,0,29,United-States,<=50K
71,Private,959246,1st-4th,2,Never-married,Protective-serv,Other-relative,White,Male,0,0,18,Other,>50K
43,Private,768874,Assoc-acdm,3,Separated,Armed-Forces,Unmarried,White,Male,0,0,89,United-States,<=50K
83,Private,342188,Assoc-voc,1,Married-civ-spouse,Tech-support,Wife,White,Male,85575,0,35,United-States,>50K
55,Private,442426,11th,15,Married-civ-spouse,Craft-repair,Own-child,White,Female,0,0,34,United-States,<=50K
82,Private,328950,9th,10,Married-civ-spouse,Craft-repair,Husband,White,Male,50725,0,77,United-States,<=50K
68,Private,986636,Bachelors,13,Never-married,Handlers-cleaners,Unmarried,White,Female,0,0,50,Other,>50K
52,Private,212824,Bachelors,5,Never-married,Adm-clerical,Other-relative,White,Male,0,0,68,United-States,<=50K
60,Private,820701,12th,9,Married-civ-spouse,Machine-op-inspct,Unmarried,White,Male,0,0,54,United-States,<=50K
46,Private,337940,11th,13,Married-civ-spouse,Sales,Husband,Black,Male,0,0,50,United-States,<=50K
54,Private,934337,Assoc-acdm,6,Divorced,Craft-repair,Unmarried,White,Male,11695,0,47,United-States,<=50K
75,Self-emp,265965,Assoc-voc,5,Married-civ-spouse,Other-service,Unmarried,White,Female,0,0,28,United-States,<=50K
71,Private,19527,Some-college,12,Divorced,Farming-fishing,Unmarried,White,Male,0,0,23,United-States,<=50K
56,Self-emp,671304,Doctorate,3,Separated,Exec-managerial,Other-relative,White,Male,0,0,30,United-States,<=50K
59,Self-emp,425734,Assoc-acdm,5,Divorced,Adm-clerical,Other-relative,White,Female,0,0,24,United-States,<=50K
45,Private,885227,1st-4th,8,Separated,Machine-op-inspct,Wife,White,Male,0,450,12,United-States,<=50K
46,Private,917948,Prof-school,12,Married-civ-spouse,Protective-serv,Not-in-family,White,Male,0,0,46,United-States,>50K
60,Private,236468,5th-6th,2,Never-married,Priv-house-serv,Own-child,White,Female,0,0,55,United-States,<=50K
20,Private,893527,Assoc-acdm,5,Never-married,Armed-Forces,Wife,Black,Male,0,0,25,United-States,<=50K
27,Private,567390,Bachelors,6,Divorced,Other-service,Husband,Black,Male,0,0,23,United-States,<=50K
76,Private,148741,Doctorate,10,Divorced,Adm-clerical,Unmarried,Black,Female,0,0,18,United-States,>50K
31,Private,373227,12th,8,Never-married,Farming-fishing,Other-relative,White,Male,0,0,16,United-States,>50K
64,Private,297523,Assoc-voc,8,Never-married,Other-service,Unmarried,White,Male,0,0,23,United-States,<=50K
59,Self-emp,426928,9th,15,Married-civ-spouse,Farming-fishing,Other-relative,White,Male,0,0,15,United-States,<=50K
49,Private,651413,Doctorate,5,Married-civ-spouse,Priv-house-serv,Own-child,White,Female,0,0,94,Mexico,<=50K
49,Government,291335,Assoc-voc,9,Married-civ-spouse,Armed-Forces,Wife,White,Male,0,0,24,Canada,<=50K
59,Government,270978,Preschool,4,Never-married,Machine-op-inspct,Wife,White,Male,0,0,61,United-States,>50K
49,Government,154331,Preschool,12,Separated,Tech-support,Husband,White,Female,0,0,81,United-States,>50K
43,Self-emp,703318,7th-8th,9,Married-civ-spouse,Sales,Wife,White,Female,0,0,43,United-States,<=50K
18,Private,166588,Bachelors,11,Married-civ-spouse,Sales,Wife,White,Male,0,0,10,Mexico,>50K
73,Private,45931,12th,7,Separated,Prof-specialty,Not-in-family,White,Male,0,0,78,United-States,>50K
19,Private,871062,7th-8th,6,Married-civ-spouse,Priv-house-serv,Own-child,White,Male,35742,0,95,United-States,<=50K
47,Private,21624,Masters,4,Married-civ-spouse,Priv-house-serv,Unmarried,White,Female,0,0,29,United-States,>50K
88,Self-emp,164944,Masters,2,Married-civ-spouse,Craft-repair,Wife,White,Male,0,1728,89,United-States,<=50K
69,Without-pay,134148,10th,8,Married-civ-spouse,Handlers-cleaners,Husband,White,Male,75781,0,16,United-States,>50K
26,Private,304935,5th-6th,6,Never-married,Exec-managerial,Unmarried,White,Female,0,0,16,United-States,<=50K
39,Private,801084,11th,12,Married-civ-spouse,Farming-fishing,Other-relative,White,Female,0,0,59,United-States,<=50K
51,Private,307660,Some-college,15,Divorced,Prof-specialty,Wife,White,Male,0,0,11,United-States,<=50K
66,Private,913570,Assoc-acdm,3,Never-married,Transport-moving,Wife,White,Female,0,2598,56,India,>50K
18,Private,232580,Masters,7,Married-civ-spouse,Armed-Forces,Unmarried,White,Male,0,0,23,Philippines,<=50K
70,Private,18095,Prof-school,10,Married-civ-spouse,Prof-specialty,Other-relative,Black,Female,0,0,40,United-States,>50K
57,Self-emp,209965,5th-6th,7,Never-married,Armed-Forces,Not-in-family,White,Male,0,695,59,United-States,>50K
62,Private,280239,HS-grad,6,Never-married,Armed-Forces,Own-child,White,Male,0,0,70,United-States,>50K
85,Government,86216,HS-grad,2,Married-civ-spouse,Priv-house-serv,Not-in-family,White,Female,0,0,50,United-States,<=50K
26,Private,902819,9th,8,Married-civ-spouse,Armed-Forces,Husband,Black,Male,0,0,23,United-States,<=50K
39,Self-emp,458340,12th,1,Married-civ-spouse,Transport-moving,Unmarried,White,Male,0,0,14,United-States,<=50K
35,Private,693602,10th,13,Never-married,Prof-specialty,Wife,White,Female,0,0,84,United-States,<=50K
60,Government,560621,11th,1,Married-civ-spouse,Farming-fishing,Not-in-family,White,Female,0,0,14,United-States,>50K
56,Private,416385,10th,6,Divorced,Priv-house-serv,Own-child,Black,Male,0,0,73,United-States,<=50K
23,Private,624363,Bachelors,5,Married-civ-spouse,Machine-op-inspct,Husband,White,Female,0,0,38,United-States,<=50K
65,Private,926831,Prof-school,9,Never-married,Farming-fishing,Not-in-family,White,Male,0,0,84,United-States,>50K
24,Government,639661,9th,13,Married-civ-spouse,Sales,Wife,White,Male,0,0,14,United-States,>50K
86,Private,331366,11th,12,Divorced,Farming-fishing,Own-child,White,Male,0,2909,45,United-States,>50K
33,Private,490474,Some-college,7,Married-civ-spouse,Machine-op-inspct,Wife,White,Male,0,0,88,United-States,<=50K
18,Private,684276,Bachelors,2,Married-civ-spouse,Adm-clerical,Wife,White,Female,0,0,28,United-States,<=50K
54,Private,136394,10th,13,Never-married,Protective-serv,Husband,White,Male,0,0,73,Philippines,>50K
54,Self-emp,834537,HS-grad,12,Never-married,Protective-serv,Own-child,White,Male,0,134,31,United-States,<=50K
81,Private,79309,Preschool,7,Never-married,Sales,Other-relative,White,Male,0,0,43,United-States,>50K
79,Private,451410,Masters,15,Never-married,Tech-support,Wife,Amer-Indian-Eskimo,Female,0,0,65,United-States,>50K
89,Without-pay,593710,Some-college,3,Married-civ-spouse,Other-service,Own-child,White,Male,0,0,26,United-States,<=50K
78,Self-emp,983121,Doctorate,1,Never-married,Tech-support,Wife,White,Male,0,0,85,United-States,>50K
50,Government,31045,9th,11,Married-civ-spouse,Handlers-cleaners,Not-in-family,White,Male,0,0,98,United-States,<=50K
83,Private,470809,Masters,8,Married-civ-spouse,Priv-house-serv,Not-in-family,White,Male,0,0,65,United-States,>50K
47,Private,551349,10th,14,Never-married,Tech-support,Own-child,White,Male,0,0,26,United-States,>50K
37,Private,219746,5th-6th,12,Never-married,Transport-moving,Husband,White,Female,0,0,83,United-States,<=50K
77,Self-emp,570030,12th,3,Never-married,Sales,Other-relative,White,Female,0,0,91,United-States,>50K
41,Private,297004,1st-4th,11,Never-married,Protective-serv,Not-in-family,White,Male,0,0,27,United-States,>50K
21,Private,266152,7th-8th,8,Widowed,Armed-Forces,Husband,White,Female,0,0,54,United-States,>50K
54,Private,222511,10th,7,Married-civ-spouse,Tech-support,Other-relative,White,Female,0,0,87,United-States,>50K
21,Private,720160,12th,12,Separated,Protective-serv,Not-in-family,White,Female,0,0,65,United-States,<=50K
35,Self-emp,235650,Bachelors,15,Divorced,Protective-serv,Other-relative,Black,Male,0,0,89,United-States,>50K
83,Private,49212,5th-6th,2,Never-married,Craft-repair,Unmarried,White,Male,65757,0,59,United-States,>50K
65,Private,814656,Some-college,13,Never-married,Transport-moving,Wife,Amer-Indian-Eskimo,Male,0,0,67,United-States,<=50K
50,Government,77414,Assoc-acdm,14,Divorced,Armed-Forces,Own-child,White,Male,0,0,27,United-States,>50K
75,Private,376737,10th,14,Never-married,Tech-support,Not-in-family,Asian-Pac-Islander,Female,0,0,89,United-States,>50K
45,Private,478554,12th,1,Married-civ-spouse,Protective-serv,Not-in-family,White,Female,0,0,90,United-States,<=50K
52,Government,300682,1st-4th,7,Separated,Exec-managerial,Wife,White,Female,0,0,16,United-States,<=50K
27,Government,255371,Assoc-voc,13,Married-civ-spouse,Handlers-cleaners,Not-in-family,White,Male,0,0,85,United-States,>50K
82,Private,885571,Some-college,1,Married-civ-spouse,Other-service,Not-in-family,White,Male,0,0,19,United-States,>50K
59,Private,255139,9th,6,Married-civ-spouse,Armed-Forces,Unmarried,White,Female,35139,2007,78,United-States,<=50K
26,Private,942541,10th,13,Married-civ-spouse,Machine-op-inspct,Not-in-family,White,Female,0,0,94,United-States,>50K
77,Self-emp,792476,12th,11,Married-civ-spouse,Armed-Forces,Not-in-family,White,Male,0,0,12,United-States,>50K
32,Self-emp,398183,Preschool,10,Married-civ-spouse,Exec-managerial,Not-in-family,White,Female,0,0,92,United-States,>50K
74,Private,21690,7th-8th,11,Divorced,Exec-managerial,Husband,White,Female,0,0,53,Canada,>50K
86,Private,282467,9th,10,Divorced,Protective-serv,Not-in-family,White,Male,0,0,79,United-States,>50K
39,Private,406530,7th-8th,8,Married-civ-spouse,Exec-managerial,Wife,White,Male,0,0,23,United-States,>50K
81,Private,973689,5th-6th,7,Married-civ-spouse,Machine-op-inspct,Unmarried,White,Male,0,0,13,United-States,<=50K
58,Private,531819,Assoc-acdm,4,Separated,Craft-repair,Not-in-family,White,Male,0,0,27,United-States,>50K
88,Self-emp,568434,Masters,1,Married-civ-spouse,Craft-repair,Other-relative,White,Male,0,0,61,United-States,>50K
73,Private,679716,Assoc-voc,1,Married-civ-spouse,Armed-Forces,Unmarried,White,Female,0,0,47,United-States,<=50K
40,Private,86805,Assoc-acdm,4,Married-civ-spouse,Priv-house-serv,Unmarried,White,Male,0,0,89,United-States,>50K
42,Private,774870,Assoc-voc,5,Married-civ-spouse,Machine-op-inspct,Other-relative,White,Male,0,0,29,United-States,<=50K
23,Private,146412,11th,12,Never-married,Adm-clerical,Wife,White,Male,0,0,97,United-States,<=50K
51,Private,316996,HS-grad,7,Married-civ-spouse,Transport-moving,Husband,White,Male,0,0,53,United-States,>50K
80,Private,858982,7th-8th,14,Married-civ-spouse,Priv-house-serv,Wife,White,Female,0,0,60,United-States,>50K
26,Private,708035,11th,4,Married-civ-spouse,Farming-fishing,Husband,White,Male,40916,0,28,United-States,<=50K
77,Private,108756,Some-college,10,Never-married,Farming-fishing,Own-child,White,Male,0,0,77,United-States,>50K
66,Private,247909,1st-4th,14,Never-married,Craft-repair,Other-relative,White,Female,0,0,75,India,<=50K
68,Self-emp,534680,10th,12,Married-civ-spouse,Sales,Unmarried,White,Male,0,0,22,United-States,>50K
77,Private,343151,Masters,1,Married-civ-spouse,Machine-op-inspct,Unmarried,White,Male,0,0,71,United-States,<=50K
87,Private,846853,Assoc-voc,11,Married-civ-spouse,Craft-repair,Unmarried,White,Male,0,0,70,United-States,>50K
54,Self-emp,673497,Assoc-acdm,10,Never-married,Sales,Other-relative,White,Male,0,1727,39,United-States,>50K
48,Private,548285,11th,7,Married-civ-spouse,Farming-fishing,Other-relative,White,Male,0,0,39,United-States,>50K
58,Government,94970,Assoc-acdm,2,Divorced,Protective-serv,Husband,White,Male,0,0,60,United-States,<=50K
79,Private,394112,5th-6th,13,Married-civ-spouse,Protective-serv,Unmarried,White,Male,0,0,97,Mexico,<=50K
75,Self-emp,530155,Assoc-voc,11,Married-civ-spouse,Tech-support,Wife,Black,Female,0,0,57,United-States,<=50K
31,Government,248538,Assoc-acdm,2,Married-civ-spouse,Craft-repair,Husband,White,Male,0,0,42,United-States,>50K
53,Government,40278,Bachelors,8,Married-civ-spouse,Handlers-cleaners,Unmarried,Black,Male,0,0,83,United-States,<=50K
53,Private,413613,1st-4th,12,Married-civ-spouse,Tech-support,Other-relative,White,Male,0,0,91,United-States,>50K
25,Private,172602,Doctorate,10,Married-civ-spouse,Priv-house-serv,Other-relative,White,Male,0,0,28,United-States,<=50K
43,Private,975868,Bachelors,10,Divorced,Tech-support,Other-relative,White,Male,0,0,80,United-States,>50K
53,Private,801226,7th-8th,10,Married-civ-spouse,Craft-repair,Unmarried,White,Male,0,0,66,United-States,>50K
65,Self-emp,885762,Assoc-acdm,5,Never-married,Sales,Other-relative,White,Female,0,0,28,United-States,<=50K
45,Private,663345,1st-4th,10,Never-married,Handlers-cleaners,Own-child,White,Male,0,0,97,United-States,<=50K
85,Private,509966,Some-college,2,Never-married,Sales,Other-relative,White,Male,0,0,88,United-States,>50K
79,Private,510013,5th-6th,5,Separated,Exec-managerial,Unmarried,Asian-Pac-Islander,Male,0,0,50,United-States,>50K
68,Private,606187,Masters,8,Married-civ-spouse,Sales,Husband,White,Female,0,0,51,United-States,<=50K
59,Government,250671,Bachelors,6,Married-civ-spouse,Sales,Other-relative,White,Male,0,0,96,United-States,<=50K
46,Self-emp,935583,Masters,3,Divorced,Adm-clerical,Not-in-family,White,Male,0,0,61,United-States,>50K
27,Private,129718,1st-4th,8,Divorced,Prof-specialty,Own-child,White,Male,0,0,13,United-States,<=50K
56,Private,611856,Some-college,15,Divorced,Priv-house-serv,Unmarried,White,Female,0,0,13,United-States,<=50K
18,Private,863473,9th,14,Married-civ-spouse,Other-service,Other-relative,White,Male,0,0,14,United-States,>50K
56,Private,281592,Prof-school,9,Divorced,Prof-specialty,Not-in-family,Black,Female,0,916,50,United-States,<=50K
38,Government,350920,Assoc-voc,5,Separated,Protective-serv,Unmarried,White,Male,0,0,96,United-States,<=50K
82,Government,462822,Assoc-voc,13,Married-civ-spouse,Handlers-cleaners,Husband,White,Male,0,0,70,United-States,<=50K
32,Private,967681,Some-college,2,Separated,Handlers-cleaners,Own-child,White,Male,0,0,84,United-States,>50K
21,Private,129028,Preschool,2,Married-civ-spouse,Machine-op-inspct,Other-relative,White,Male,0,0,64,United-States,>50K
77,Private,892707,HS-grad,7,Married-civ-spouse,Protective-serv,Husband,White,Male,0,0,84,United-States,>50K
78,Private,960481,Some-college,1,Married-civ-spouse,Sales,Unmarried,White,Male,0,0,22,United-States,<=50K
37,Private,947681,Assoc-voc,10,Divorced,Tech-support,Not-in-family,White,Female,0,0,23,Mexico,<=50K
27,Private,325817,Prof-school,12,Never-married,Prof-specialty,Unmarried,White,Male,0,0,69,United-States,>50K
51,Private,553719,Bachelors,2,Divorced,Machine-op-inspct,Unmarried,White,Male,17362,0,81,Philippines,>50K
65,Private,256740,Some-college,10,Divorced,Exec-managerial,Own-child,White,Male,0,0,34,Other,<=50K
50,Private,864087,Assoc-acdm,4,Married-civ-spouse,Protective-serv,Other-relative,White,Male,0,0,91,United-States,>50K
78,Government,914865,Doctorate,1,Married-civ-spouse,Other-service,Husband,White,Male,0,0,53,United-States,<=50K
27,Self-emp,272321,HS-grad,4,Married-civ-spouse,Sales,Own-child,White,Male,0,0,91,United-States,<=50K
71,Private,646778,Assoc-voc,13,Widowed,Machine-op-inspct,Not-in-family,White,Male,0,0,19,United-States,<=50K
82,Private,806658,5th-6th,12,Married-civ-spouse,Prof-specialty,Other-relative,White,Female,60789,0,80,United-States,<=50K
18,Private,493626,Some-college,11,Never-married,Protective-serv,Own-child,White,Female,0,0,59,United-States,>50K
22,Private,237593,10th,13,Married-civ-spouse,Protective-serv,Not-in-family,White,Male,0,0,53,United-States,>50K
32,Private,495895,1st-4th,10,Married-civ-spouse,Exec-managerial,Not-in-family,White,Male,0,0,23,United-States,>50K
45,Self-emp,128254,Some-college,15,Married-civ-spouse,Protective-serv,Husband,White,Male,0,0,24,United-States,>50K
40,Private,546519,1st-4th,5,Married-civ-spouse,Adm-clerical,Unmarried,White,Male,0,0,25,United-States,>50K
34,Private,976930,Assoc-acdm,9,Widowed,Farming-fishing,Not-in-family,White,Male,53967,0,11,United-States,<=50K
30,Private,482768,9th,1,Never-married,Other-service,Not-in-family,White,Male,0,0,39,United-States,<=50K
31,Government,876102,10th,12,Separated,Handlers-cleaners,Unmarried,White,Female,0,0,39,United-States,>50K
28,Government,193219,Bachelors,5,Never-married,Adm-clerical,Wife,Black,Male,0,0,91,United-States,<=50K
45,Private,24082,Prof-school,2,Divorced,Transport-moving,Not-in-family,White,Male,0,0,40,United-States,<=50K
59,Private,795195,Bachelors,9,Never-married,Protective-serv,Other-relative,White,Male,0,0,86,United-States,>50K
78,Private,214383,5th-6th,6,Never-married,Transport-moving,Own-child,White,Male,0,0,29,United-States,<=50K
81,Private,943679,Masters,2,Never-married,Priv-house-serv,Unmarried,White,Female,0,0,58,United-States,>50K
48,Private,155205,Preschool,14,Married-civ-spouse,Sales,Unmarried,Asian-Pac-Islander,Male,0,0,44,United-States,>50K
27,Private,728237,Assoc-acdm,3,Married-civ-spouse,Farming-fishing,Unmarried,White,Male,0,2792,32,United-States,<=50K
25,Private,386816,Assoc-voc,14,Divorced,Farming-fishing,Other-relative,Black,Female,0,0,70,United-States,<=50K
38,Private,126315,Assoc-acdm,8,Married-civ-spouse,Other-service,Unmarried,Black,Male,0,0,93,United-States,>50K
76,Private,163499,Preschool,1,Divorced,Tech-support,Other-relative,Black,Male,0,0,64,United-States,>50K
67,Government,132511,Doctorate,12,Never-married,Adm-clerical,Husband,White,Male,0,0,76,United-States,<=50K
86,Private,461048,10th,3,Divorced,Protective-serv,Wife,White,Male,0,0,17,United-States,<=50K
87,Private,286981,7th-8th,13,Divorced,Tech-support,Unmarried,White,Male,0,0,49,United-States,>50K
47,Private,938050,11th,10,Married-civ-spouse,Craft-repair,Wife,White,Female,0,0,68,United-States,>50K
34,Private,231600,9th,1,Never-married,Adm-clerical,Unmarried,White,Female,0,0,41,United-States,<=50K
37,Private,938252,11th,11,Married-civ-spouse,Exec-managerial,Other-relative,White,Female,0,317,16,United-States,>50K
65,Private,232104,Masters,11,Separated,Sales,Own-child,White,Male,0,0,11,Canada,<=50K
19,Private,863521,5th-6th,8,Widowed,Adm-clerical,Wife,White,Male,0,0,94,United-States,>50K
54,Private,463245,1st-4th,1,Never-married,Adm-clerical,Wife,White,Male,0,0,15,United-States,<=50K
18,Private,952745,10th,13,Married-civ-spouse,Craft-repair,Other-relative,White,Male,0,0,45,United-States,>50K
21,Private,988949,10th,5,Married-civ-spouse,Other-service,Wife,White,Female,0,0,41,United-States,<=50K
71,Government,12469,Assoc-voc,4,Separated,Priv-house-serv,Husband,White,Male,0,0,54,United-States,<=50K
42,Private,321211,Doctorate,7,Never-married,Other-service,Other-relative,White,Male,0,0,51,United-States,>50K
20,Private,928978,10th,14,Never-married,Exec-managerial,Wife,White,Male,0,0,62,United-States,<=50K
26,Private,582842,Prof-school,5,Divorced,Protective-serv,Wife,White,Male,0,0,18,United-States,<=50K
51,Government,434325,1st-4th,8,Divorced,Other-service,Wife,Black,Male,0,0,84,Mexico,>50K
60,Private,295005,10th,12,Married-civ-spouse,Farming-fishing,Other-relative,White,Male,0,0,96,United-States,>50K
39,Self-emp,777423,Bachelors,14,Never-married,Prof-specialty,Own-child,White,Male,0,0,84,United-States,>50K
87,Government,829537,5th-6th,11,Never-married,Craft-repair,Not-in-family,White,Female,0,0,58,United-States,>50K
19,Private,508511,Masters,1,Married-civ-spouse,Prof-specialty,Unmarried,White,Female,0,0,11,United-States,<=50K
83,Private,119655,1st-4th,5,Married-civ-spouse,Prof-specialty,Wife,White,Male,65840,0,76,United-States,>50K
49,Private,722972,HS-grad,4,Divorced,Craft-repair,Not-in-family,White,Male,0,0,20,United-States,>50K
33,Self-emp,794448,Doctorate,3,Never-married,Prof-specialty,Not-in-family,White,Male,0,0,59,Mexico,>50K
18,Private,401845,10th,5,Married-civ-spouse,Prof-specialty,Wife,White,Male,0,0,44,United-States,<=50K
89,Private,371741,Masters,10,Married-civ-spouse,Prof-specialty,Wife,White,Male,0,0,24,United-States,<=50K
65,Private,867932,5th-6th,15,Married-civ-spouse,Priv-house-serv,Unmarried,White,Male,0,0,84,United-States,>50K
67,Private,700956,7th-8th,3,Married-civ-spouse,Protective-serv,Not-in-family,Amer-Indian-Eskimo,Male,0,0,40,United-States,<=50K
30,Private,213080,Preschool,8,Separated,Armed-Forces,Own-child,Asian-Pac-Islander,Male,0,0,71,United-States,<=50K
32,Private,226965,5th-6th,13,Never-married,Exec-managerial,Not-in-family,White,Male,0,0,37,United-States,>50K
70,Private,753941,9th,3,Never-married,Handlers-cleaners,Own-child,White,Male,0,0,34,United-States,>50K
61,Private,531848,11th,1,Never-married,Protective-serv,Husband,White,Female,0,0,93,United-States,<=50K
25,Private,653933,5th-6th,9,Married-civ-spouse,Priv-house-serv,Own-child,White,Female,0,2239,34,United-States,>50K
63,Government,606388,Some-college,15,Never-married,Exec-managerial,Unmarried,White,Male,0,0,84,United-States,<=50K
86,Private,273480,Masters,9,Widowed,Transport-moving,Other-relative,Asian-Pac-Islander,Female,0,0,92,United-States,>50K
36,Government,53316,7th-8th,6,Never-married,Tech-support,Wife,White,Male,0,0,10,United-States,<=50K
55,Private,188989,Bachelors,10,Married-civ-spouse,Priv-house-serv,Husband,White,Female,0,0,68,United-States,<=50K
28,Private,306579,7th-8th,1,Never-married,Adm-clerical,Not-in-family,White,Female,0,0,78,United-States,>50K
60,Self-emp,126513,1st-4th,8,Never-married,Other-service,Own-child,Other,Male,0,0,83,United-States,>50K
37,Private,890574,Assoc-voc,2,Married-civ-spouse,Craft-repair,Husband,White,Male,0,0,51,United-States,<=50K
37,Without-pay,863180,1st-4th,9,Married-civ-spouse,Farming-fishing,Other-relative,White,Male,0,0,43,United-States,<=50K
38,Government,537056,Some-college,14,Never-married,Prof-specialty,Own-child,White,Male,0,0,75,United-States,<=50K
74,Private,367417,Masters,8,Separated,Machine-op-inspct,Unmarried,White,Male,0,0,27,United-States,<=50K
67,Private,205149,Prof-school,3,Divorced,Craft-repair,Not-in-family,White,Male,0,0,86,United-States,>50K
43,Private,776271,Doctorate,13,Married-civ-spouse,Sales,Not-in-family,Black,Male,29741,0,14,United-States,>50K
47,Private,37634,Some-college,5,Married-civ-spouse,Craft-repair,Own-child,White,Female,0,0,29,United-States,<=50K
48,Private,327072,5th-6th,9,Divorced,Priv-house-serv,Other-relative,White,Female,0,0,75,United-States,>50K
59,Private,714956,Prof-school,13,Separated,Priv-house-serv,Wife,White,Male,62609,0,84,United-States,>50K
85,Private,478341,Preschool,1,Married-civ-spouse,Adm-clerical,Wife,White,Male,0,0,71,United-States,<=50K
78,Private,194605,Assoc-voc,9,Married-civ-spouse,Farming-fishing,Not-in-family,White,Male,0,0,41,Philippines,<=50K
78,Self-emp,233402,Prof-school,15,Never-married,Protective-serv,Other-relative,White,Male,0,0,67,United-States,>50K
87,Self-emp,308588,Some-college,4,Married-civ-spouse,Craft-repair,Not-in-family,White,Female,39848,0,59,United-States,>50K
85,Private,784088,Masters,4,Never-married,Farming-fishing,Wife,White,Male,0,0,47,United-States,<=50K
34,Government,475837,Doctorate,15,Married-civ-spouse,Craft-repair,Not-in-family,White,Male,0,0,64,United-States,>50K
36,Private,660774,Prof-school,4,Never-married,Armed-Forces,Own-child,White,Male,0,0,37,United-States,>50K
68,Private,28211,1st-4th,10,Widowed,Protective-serv,Unmarried,Black,Male,0,1701,83,United-States,<=50K
87,Private,950173,1st-4th,12,Married-civ-spouse,Exec-managerial,Own-child,White,Male,0,0,95,United-States,>50K
80,Private,64711,12th,9,Never-married,Priv-house-serv,Unmarried,White,Female,0,0,90,United-States,>50K
47,Private,229763,Doctorate,14,Widowed,Exec-managerial,Other-relative,White,Male,0,0,31,United-States,>50K
42,Government,899424,Assoc-acdm,6,Widowed,Priv-house-serv,Wife,White,Male,0,0,52,United-States,>50K
88,Government,80047,5th-6th,11,Married-civ-spouse,Handlers-cleaners,Other-relative,White,Male,0,0,92,Mexico,>50K
43,Private,356136,Prof-school,8,Divorced,Tech-support,Other-relative,White,Female,0,0,90,United-States,>50K
73,Self-emp,885122,Some-college,12,Married-civ-spouse,Priv-house-serv,Wife,White,Female,0,0,97,United-States,>50K
39,Private,890733,Assoc-acdm,14,Married-civ-spouse,Craft-repair,Husband,White,Male,0,0,45,United-States,>50K
36,Private,778304,Assoc-acdm,4,Divorced,Transport-moving,Husband,White,Male,0,0,61,United-States,<=50K
48,Self-emp,982984,1st-4th,3,Married-civ-spouse,Transport-moving,Not-in-family,White,Male,0,0,45,United-States,<=50K
43,Private,908202,Some-college,14,Never-married,Prof-specialty,Husband,Asian-Pac-Islander,Male,0,0,37,United-States,<=50K
59,Private,436669,10th,1,Divorced,Craft-repair,Own-child,White,Female,0,0,87,United-States,<=50K
58,Private,916078,Preschool,10,Never-married,Sales,Unmarried,White,Male,0,0,67,United-States,>50K
40,Private,829884,10th,15,Never-married,Farming-fishing,Other-relative,Black,Male,0,0,45,United-States,<=50K
64,Private,713129,HS-grad,15,Married-civ-spouse,Prof-specialty,Not-in-family,Black,Male,0,0,79,United-States,>50K
30,Private,138013,Preschool,7,Divorced,Protective-serv,Other-relative,White,Male,0,0,18,United-States,<=50K
83,Private,758409,Assoc-voc,4,Never-married,Priv-house-serv,Wife,White,Male,0,0,30,United-States,>50K
83,Private,234895,Preschool,14,Married-civ-spouse,Handlers-cleaners,Husband,White,Female,0,0,73,United-States,>50K
33,Private,18532,Preschool,8,Married-civ-spouse,Farming-fishing,Wife,White,Male,0,0,85,United-States,>50K
45,Private,809323,Bachelors,14,Never-married,Exec-managerial,Not-in-family,White,Male,36049,0,70,United-States,>50K
52,Government,859678,Bachelors,3,Married-civ-spouse,Machine-op-inspct,Unmarried,White,Male,57615,0,49,United-States,<=50K
58,Private,305645,Doctorate,1,Never-married,Prof-specialty,Own-child,White,Male,0,0,65,United-States,<=50K
48,Private,797928,Masters,5,Never-married,Exec-managerial,Husband,White,Male,0,0,13,United-States,>50K
49,Private,811586,1st-4th,14,Divorced,Sales,Wife,White,Male,0,0,40,United-States,<=50K
71,Private,529989,Masters,2,Never-married,Prof-specialty,Unmarried,White,Female,0,0,36,United-States,<=50K
89,Private,86682,Assoc-acdm,3,Married-civ-spouse,Prof-specialty,Husband,White,Male,0,0,67,Germany,<=50K
76,Private,592763,Assoc-voc,14,Never-married,Prof-specialty,Other-relative,White,Male,80860,0,34,United-States,>50K
58,Without-pay,670810,1st-4th,6,Never-married,Tech-support,Own-child,White,Male,0,0,78,United-States,<=50K
83,Private,702763,Prof-school,3,Married-civ-spouse,Prof-specialty,Unmarried,Asian-Pac-Islander,Male,0,0,79,United-States,<=50K
71,Private,532678,5th-6th,3,Divorced,Tech-support,Husband,White,Female,0,0,14,United-States,<=50K
57,Private,224724,1st-4th,12,Never-married,Exec-managerial,Own-child,White,Female,0,0,17,United-States,>50K
45,Private,843223,12th,6,Married-civ-spouse,Handlers-cleaners,Unmarried,White,Male,50707,0,18,United-States,>50K
54,Private,561577,9th,5,Widowed,Tech-support,Other-relative,White,Male,0,0,24,United-States,>50K
82,Private,721039,Masters,10,Married-civ-spouse,Protective-serv,Other-relative,Black,Male,0,0,16,United-States,>50K
72,Government,426325,HS-grad,9,Divorced,Tech-support,Wife,White,Male,0,0,81,United-States,<=50K
21,Private,839871,Preschool,1,Married-civ-spouse,Protective-serv,Not-in-family,White,Male,0,0,24,United-States,<=50K
27,Self-emp,951919,11th,13,Divorced,Protective-serv,Wife,White,Male,0,0,46,United-States,>50K
64,Private,879771,Assoc-voc,3,Never-married,Prof-specialty,Own-child,White,Male,0,0,92,United-States,<=50K
31,Private,806613,Doctorate,3,Divorced,Handlers-cleaners,Wife,White,Male,0,0,48,United-States,<=50K
55,Private,370396,HS-grad,11,Never-married,Prof-specialty,Unmarried,White,Female,0,0,15,United-States,<=50K
29,Private,735606,Bachelors,6,Never-married,Exec-managerial,Husband,White,Male,0,0,92,United-States,<=50K
62,Government,772343,Masters,8,Married-civ-spouse,Prof-specialty,Unmarried,White,Male,80877,0,66,United-States,>50K
34,Private,300539,9th,3,Married-civ-spouse,Protective-serv,Wife,White,Female,0,664,90,United-States,<=50K
52,Private,613324,Prof-school,3,Married-civ-spouse,Armed-Forces,Not-in-family,Black,Male,0,0,28,United-States,<=50K
83,Government,437425,10th,6,Married-civ-spouse,Other-service,Unmarried,White,Female,0,0,72,United-States,>50K
58,Government,307302,9th,8,Married-civ-spouse,Adm-clerical,Unmarried,White,Male,0,0,40,India,<=50K
84,Self-emp,76920,9th,6,Separated,Exec-managerial,Unmarried,White,Male,0,0,84,United-States,>50K
46,Government,946044,1st-4th,13,Widowed,Craft-repair,Not-in-family,Black,Female,0,0,88,United-States,>50K
35,Private,645728,Prof-school,12,Married-civ-spouse,Armed-Forces,Unmarried,White,Female,0,0,19,United-States,<=50K
37,Self-emp,931900,9th,14,Married-civ-spouse,Armed-Forces,Own-child,White,Female,0,0,96,United-States,<=50K
31,Private,928895,Assoc-voc,10,Married-civ-spouse,Priv-house-serv,Other-relative,White,Male,0,0,76,United-States,<=50K
51,Government,459790,10th,3,Never-married,Farming-fishing,Not-in-family,White,Male,0,0,71,United-States,<=50K
66,Self-emp,523339,11th,4,Divorced,Farming-fishing,Own-child,White,Male,0,0,12,United-States,>50K
71,Private,915920,5th-6th,1,Never-married,Handlers-cleaners,Not-in-family,White,Male,0,0,27,United-States,<=50K
48,Self-emp,550940,HS-grad,13,Divorced,Other-service,Not-in-family,White,Female,0,0,34,United-States,>50K
75,Private,620125,Masters,8,Never-married,Tech-support,Other-relative,White,Male,61558,0,29,United-States,>50K
59,Private,281860,1st-4th,4,Married-civ-spouse,Other-service,Husband,White,Female,0,0,67,United-States,<=50K
75,Private,25568,10th,6,Married-civ-spouse,Adm-clerical,Own-child,White,Male,0,2751,95,United-States,>50K
47,Government,936173,Assoc-voc,11,Married-civ-spouse,Exec-managerial,Not-in-family,White,Male,0,0,59,United-States,<=50K
42,Private,210879,HS-grad,3,Married-civ-spouse,Handlers-cleaners,Not-in-family,White,Male,33583,0,88,India,<=50K
80,Private,845822,Assoc-acdm,11,Never-married,Other-service,Wife,White,Female,0,0,19,United-States,>50K
36,Private,89792,1st-4th,12,Married-civ-spouse,Sales,Unmarried,White,Female,0,1736,30,United-States,>50K
89,Government,756081,Some-college,11,Married-civ-spouse,Tech-support,Husband,White,Female,0,0,38,United-States,<=50K
25,Private,950890,1st-4th,6,Separated,Other-service,Other-relative,White,Male,44664,0,19,United-States,>50K
20,Self-emp,926921,Some-college,12,Married-civ-spouse,Handlers-cleaners,Own-child,White,Female,75274,0,22,United-States,>50K
84,Government,820584,11th,11,Married-civ-spouse,Sales,Not-in-family,White,Female,0,0,56,United-States,<=50K
34,Private,941938,12th,9,Never-married,Craft-repair,Unmarried,White,Male,0,0,32,United-States,<=50K
31,Private,694360,Assoc-voc,9,Never-married,Armed-Forces,Own-child,White,Male,38261,0,59,United-States,>50K
26,Self-emp,562261,11th,10,Married-civ-spouse,Exec-managerial,Other-relative,White,Male,0,0,96,United-States,>50K
79,Government,121036,1st-4th,3,Never-married,Exec-managerial,Husband,White,Female,0,1522,13,United-States,>50K
38,Self-emp,392617,11th,3,Never-married,Craft-repair,Wife,White,Female,0,0,76,United-States,>50K
54,Private,47861,10th,4,Married-civ-spouse,Transport-moving,Husband,White,Male,0,0,94,Philippines,>50K
28,Government,671798,Doctorate,12,Never-married,Prof-specialty,Wife,White,Female,0,0,62,United-States,>50K
37,Private,678089,HS-grad,7,Never-married,Farming-fishing,Own-child,White,Female,0,0,11,United-States,<=50K
52,Private,498218,5th-6th,3,Separated,Sales,Husband,Black,Male,98058,2602,77,United-States,>50K
70,Self-emp,429623,12th,10,Separated,Armed-Forces,Husband,Black,Male,25805,0,74,United-States,>50K
64,Private,760458,Assoc-acdm,8,Married-civ-spouse,Tech-support,Husband,White,Female,30374,0,88,Philippines,<=50K
69,Self-emp,622382,Bachelors,11,Divorced,Other-service,Other-relative,White,Male,0,0,66,United-States,<=50K
25,Private,363410,Assoc-acdm,8,Married-civ-spouse,Armed-Forces,Own-child,White,Female,0,0,79,United-States,>50K
21,Government,576999,9th,6,Married-civ-spouse,Adm-clerical,Wife,White,Male,0,0,16,United-States,<=50K
44,Private,136478,1st-4th,4,Married-civ-spouse,Farming-fishing,Husband,White,Female,0,0,28,United-States,<=50K
61,Private,364741,5th-6th,11,Never-married,Handlers-cleaners,Own-child,White,Female,0,2479,53,United-States,<=50K
57,Self-emp,490581,5th-6th,12,Divorced,Protective-serv,Unmarried,White,Female,0,544,72,United-States,<=50K
64,Private,110637,9th,11,Married-civ-spouse,Prof-specialty,Other-relative,White,Male,54424,0,74,United-States,>50K
61,Private,636978,Assoc-acdm,5,Never-married,Armed-Forces,Other-relative,White,Female,0,0,48,United-States,<=50K
65,Without-pay,88191,Assoc-acdm,12,Never-married,Tech-support,Unmarried,White,Female,0,0,92,United-States,<=50K
69,Private,882933,10th,2,Never-married,Adm-clerical,Own-child,White,Male,0,0,35,United-States,<=50K
85,Government,196922,11th,13,Married-civ-spouse,Protective-serv,Wife,White,Female,0,0,53,United-States,<=50K
28,Private,878284,Doctorate,6,Never-married,Adm-clerical,Own-child,White,Male,0,0,21,United-States,<=50K
21,Private,214967,Some-college,3,Never-married,Tech-support,Own-child,White,Male,0,0,31,United-States,<=50K
65,Self-emp,155244,Assoc-voc,15,Married-civ-spouse,Armed-Forces,Not-in-family,White,Male,0,0,86,United-States,<=50K
43,Private,472294,9th,6,Married-civ-spouse,Protective-serv,Other-relative,Other,Male,0,2468,23,United-States,<=50K
56,Private,792249,12th,12,Widowed,Protective-serv,Wife,White,Male,0,0,95,United-States,>50K
75,Private,654862,10th,5,Divorced,Prof-specialty,Not-in-family,Other,Female,0,0,39,United-States,<=50K
36,Self-emp,156601,Doctorate,14,Divorced,Handlers-cleaners,Unmarried,Amer-Indian-Eskimo,Male,67036,0,53,United-States,<=50K
75,Private,870022,Assoc-acdm,2,Married-civ-spouse,Craft-repair,Own-child,White,Female,0,0,93,United-States,<=50K
45,Private,115218,Prof-school,15,Divorced,Farming-fishing,Unmarried,White,Male,0,0,47,United-States,>50K
83,Private,574569,HS-grad,12,Married-civ-spouse,Machine-op-inspct,Other-relative,White,Male,0,0,68,United-States,<=50K
27,Private,345949,Bachelors,13,Married-civ-spouse,Machine-op-inspct,Not-in-family,Black,Male,0,0,51,United-States,<=50K
75,Private,873058,7th-8th,14,Divorced,Prof-specialty,Not-in-family,White,Female,0,0,61,United-States,<=50K
31,Private,469860,Masters,5,Married-civ-spouse,Adm-clerical,Wife,White,Male,0,0,72,United-States,<=50K
32,Private,592523,12th,5,Never-married,Other-service,Own-child,White,Male,51464,0,70,United-States,>50K
50,Private,883108,HS-grad,14,Widowed,Craft-repair,Wife,White,Female,0,0,43,United-States,<=50K
34,Private,469976,Some-college,9,Divorced,Craft-repair,Not-in-family,White,Male,0,0,48,United-States,<=50K
41,Private,809308,HS-grad,11,Never-married,Prof-specialty,Not-in-family,White,Male,0,0,50,United-States,<=50K
47,Private,853112,10th,8,Married-civ-spouse,Handlers-cleaners,Wife,White,Male,45003,0,46,United-States,>50K
79,Government,418313,Masters,12,Married-civ-spouse,Prof-specialty,Not-in-family,Black,Female,0,0,74,United-States,<=50K
30,Private,739652,Prof-school,12,Widowed,Transport-moving,Husband,White,Male,0,0,88,United-States,>50K
79,Private,668219,Some-college,7,Married-civ-spouse,Other-service,Other-relative,Black,Female,4294,0,41,United-States,<=50K
64,Private,297021,Assoc-voc,15,Married-civ-spouse,Exec-managerial,Own-child,White,Male,0,0,17,United-States,>50K
33,Private,942132,11th,15,Married-civ-spouse,Machine-op-inspct,Other-relative,White,Female,0,0,27,United-States,<=50K
83,Self-emp,874549,Doctorate,12,Never-married,Prof-specialty,Own-child,White,Female,0,0,54,United-States,<=50K
60,Without-pay,673660,Preschool,13,Married-civ-spouse,Craft-repair,Not-in-family,White,Female,0,0,42,United-States,<=50K
25,Private,536700,5th-6th,15,Married-civ-spouse,Handlers-cleaners,Wife,White,Male,0,0,14,Philippines,<=50K
20,Private,373095,9th,14,Never-married,Machine-op-inspct,Wife,White,Female,0,0,91,United-States,<=50K
29,Private,889269,HS-grad,3,Married-civ-spouse,Sales,Not-in-family,White,Male,0,0,83,United-States,<=50K
33,Private,744701,1st-4th,10,Married-civ-spouse,Priv-house-serv,Own-child,Black,Male,0,0,45,United-States,>50K
76,Government,930842,Masters,4,Married-civ-spouse,Tech-support,Not-in-family,Other,Male,0,0,32,United-States,>50K
66,Private,331628,Prof-school,6,Married-civ-spouse,Craft-repair,Own-child,White,Female,0,0,49,Mexico,>50K
80,Private,802236,11th,3,Divorced,Sales,Not-in-family,White,Female,0,0,14,United-States,>50K
79,Private,918351,10th,11,Never-married,Handlers-cleaners,Not-in-family,White,Female,0,0,43,United-States,>50K
66,Self-emp,587963,Masters,9,Never-married,Craft-repair,Not-in-family,White,Male,0,0,33,United-States,<=50K
68,Private,366989,Prof-school,8,Married-civ-spouse,Prof-specialty,Wife,Black,Male,0,0,26,United-States,<=50K
50,Government,794751,7th-8th,6,Married-civ-spouse,Craft-repair,Own-child,White,Female,0,0,80,United-States,<=50K
47,Private,620021,Masters,4,Married-civ-spouse,Priv-house-serv,Unmarried,White,Male,0,0,90,United-States,>50K
76,Private,22392,Preschool,7,Married-civ-spouse,Handlers-cleaners,Not-in-family,Amer-Indian-Eskimo,Male,0,0,31,United-States,>50K
32,Self-emp,872416,Preschool,13,Married-civ-spouse,Craft-repair,Other-relative,White,Male,87924,0,24,United-States,>50K
40,Private,685389,10th,15,Married-civ-spouse,Other-service,Other-relative,White,Male,0,0,24,United-States,>50K
62,Private,599551,Doctorate,11,Married-civ-spouse,Adm-clerical,Wife,White,Male,0,157,34,United-States,>50K
79,Private,561385,Some-college,3,Divorced,Protective-serv,Husband,White,Male,86464,0,62,United-States,>50K
88,Private,465740,Assoc-voc,10,Married-civ-spouse,Sales,Unmarried,White,Male,0,0,30,United-States,>50K
32,Private,111721,5th-6th,15,Married-civ-spouse,Armed-Forces,Wife,White,Male,0,0,75,United-States,>50K
63,Government,681755,5th-6th,8,Married-civ-spouse,Exec-managerial,Husband,White,Female,0,0,41,United-States,<=50K
81,Private,950497,12th,1,Married-civ-spouse,Adm-clerical,Wife,White,Male,0,0,30,United-States,>50K
63,Self-emp,72088,9th,3,Never-married,Handlers-cleaners,Other-relative,White,Male,0,0,77,United-States,>50K
73,Private,332754,11th,11,Married-civ-spouse,Machine-op-inspct,Not-in-family,White,Female,0,0,53,United-States,>50K
61,Private,750425,Masters,5,Married-civ-spouse,Transport-moving,Own-child,White,Male,0,0,92,Philippines,>50K
46,Private,289402,HS-grad,5,Married-civ-spouse,Other-service,Not-in-family,White,Female,0,0,75,United-States,<=50K
79,Government,233617,10th,10,Married-civ-spouse,Transport-moving,Other-relative,White,Female,0,0,23,United-States,>50K
69,Self-emp,148375,Masters,14,Never-married,Transport-moving,Own-child,White,Male,0,0,24,United-States,>50K
71,Self-emp,780931,12th,2,Widowed,Sales,Husband,White,Male,0,0,29,United-States,>50K
74,Private,997690,Some-college,10,Married-civ-spouse,Handlers-cleaners,Husband,White,Female,0,0,43,United-States,<=50K
83,Private,808609,5th-6th,8,Never-married,Sales,Other-relative,White,Female,0,0,45,United-States,<=50K
39,Private,941251,12th,5,Married-civ-spouse,Craft-repair,Own-child,White,Male,0,2672,92,United-States,>50K
37,Government,369462,Preschool,7,Married-civ-spouse,Armed-Forces,Not-in-family,White,Male,0,2852,18,United-States,<=50K
50,Private,263470,10th,15,Married-civ-spouse,Farming-fishing,Other-relative,White,Male,0,0,80,United-States,>50K
89,Private,31823,7th-8th,7,Never-married,Prof-specialty,Husband,White,Female,0,0,39,United-States,<=50K
42,Private,220790,11th,14,Married-civ-spouse,Adm-clerical,Other-relative,White,Male,0,0,86,United-States,>50K
63,Private,115312,5th-6th,5,Widowed,Craft-repair,Not-in-family,White,Female,0,0,72,United-States,>50K
74,Private,88812,7th-8th,8,Married-civ-spouse,Tech-support,Wife,White,Male,0,0,44,United-States,<=50K
22,Government,478523,10th,9,Married-civ-spouse,Machine-op-inspct,Unmarried,White,Male,0,0,22,United-States,<=50K
72,Private,546251,Assoc-voc,4,Never-married,Tech-support,Unmarried,Black,Male,0,0,88,United-States,<=50K
78,Government,428144,Assoc-acdm,4,Separated,Tech-support,Unmarried,White,Male,0,0,55,United-States,<=50K
25,Self-emp,378610,Masters,8,Never-married,Other-service,Wife,White,Male,33391,0,65,United-States,>50K
33,Private,876817,1st-4th,1,Never-married,Exec-managerial,Not-in-family,White,Male,92025,0,18,Canada,>50K
65,Private,888050,Masters,15,Married-civ-spouse,Protective-serv,Own-child,White,Male,0,0,96,United-States,<=50K
78,Private,734383,11th,4,Married-civ-spouse,Priv-house-serv,Other-relative,White,Female,0,0,45,Mexico,<=50K
32,Government,266803,Masters,6,Married-civ-spouse,Adm-clerical,Not-in-family,White,Male,0,0,12,United-States,<=50K
82,Private,626429,Assoc-voc,13,Married-civ-spouse,Transport-moving,Wife,White,Male,0,0,28,United-States,>50K
39,Private,806470,5th-6th,4,Separated,Farming-fishing,Husband,White,Female,0,0,37,Mexico,>50K
20,Private,377985,Masters,6,Never-married,Craft-repair,Unmarried,White,Female,0,0,32,United-States,<=50K
71,Private,995430,Doctorate,5,Never-married,Priv-house-serv,Unmarried,White,Female,0,0,16,Canada,>50K
31,Private,374478,11th,14,Married-civ-spouse,Priv-house-serv,Not-in-family,White,Female,0,0,85,United-States,>50K
53,Private,799870,10th,9,Never-married,Tech-support,Unmarried,White,Male,0,0,23,Mexico,<=50K
84,Self-emp,569439,Masters,10,Never-married,Tech-support,Unmarried,Asian-Pac-Islander,Male,0,0,55,United-States,>50K
27,Self-emp,963639,Assoc-acdm,9,Divorced,Machine-op-inspct,Not-in-family,White,Female,0,0,24,United-States,<=50K
66,Private,802599,9th,4,Married-civ-spouse,Farming-fishing,Not-in-family,Black,Female,0,0,76,United-States,>50K
82,Private,547460,Prof-school,13,Never-married,Farming-fishing,Wife,White,Male,0,0,24,United-States,<=50K
74,Government,716663,Masters,14,Divorced,Farming-fishing,Wife,White,Female,81122,0,60,United-States,>50K
44,Private,898219,Masters,4,Widowed,Craft-repair,Unmarried,White,Male,0,0,97,United-States,>50K
22,Government,747853,10th,12,Married-civ-spouse,Protective-serv,Not-in-family,White,Male,0,0,17,United-States,<=50K
88,Private,171432,11th,8,Married-civ-spouse,Adm-clerical,Not-in-family,White,Male,0,0,78,India,>50K
74,Private,600598,Assoc-acdm,10,Divorced,Adm-clerical,Unmarried,White,Male,0,0,71,United-States,>50K
32,Private,463925,5th-6th,15,Married-civ-spouse,Craft-repair,Own-child,White,Male,58797,0,60,United-States,>50K
47,Private,992982,9th,4,Divorced,Other-service,Husband,Black,Male,0,0,72,United-States,<=50K
37,Government,98950,12th,2,Married-civ-spouse,Craft-repair,Other-relative,White,Female,0,0,77,United-States,<=50K
54,Private,620546,11th,13,Separated,Prof-specialty,Other-relative,White,Male,38542,0,87,United-States,>50K
20,Private,319589,1st-4th,13,Never-married,Handlers-cleaners,Unmarried,White,Male,79097,0,25,United-States,>50K
58,Private,624229,10th,14,Married-civ-spouse,Priv-house-serv,Other-relative,White,Female,0,0,93,United-States,<=50K
56,Self-emp,439914,Doctorate,15,Married-civ-spouse,Prof-specialty,Wife,White,Female,0,0,33,United-States,>50K
43,Private,168328,Masters,2,Divorced,Other-service,Wife,White,Female,0,0,15,United-States,<=50K
19,Self-emp,503740,Masters,1,Never-married,Priv-house-serv,Own-child,Black,Female,0,0,66,United-States,<=50K
40,Private,306351,Prof-school,5,Married-civ-spouse,Other-service,Unmarried,White,Male,0,0,40,United-States,<=50K
40,Private,655222,7th-8th,15,Married-civ-spouse,Priv-house-serv,Wife,White,Male,0,0,15,United-States,>50K
33,Self-emp,925615,Doctorate,6,Divorced,Craft-repair,Unmarried,White,Male,8001,0,88,United-States,>50K
26,Private,902160,Doctorate,9,Never-married,Craft-repair,Unmarried,Asian-Pac-Islander,Male,0,0,38,United-States,>50K
30,Private,377148,12th,5,Married-civ-spouse,Transport-moving,Not-in-family,White,Male,0,0,76,United-States,>50K
45,Private,952655,5th-6th,13,Never-married,Priv-house-serv,Husband,White,Male,0,0,84,United-States,<=50K
44,Private,229331,5th-6th,6,Separated,Exec-managerial,Husband,White,Female,0,0,12,United-States,<=50K
68,Private,64236,12th,6,Married-civ-spouse,Transport-moving,Unmarried,White,Male,0,0,37,United-States,>50K
81,Private,834710,11th,3,Divorced,Transport-moving,Husband,White,Male,0,0,83,United-States,<=50K
69,Private,348853,10th,12,Married-civ-spouse,Machine-op-inspct,Husband,White,Male,0,0,57,United-States,<=50K
55,Private,714581,1st-4th,4,Married-civ-spouse,Prof-specialty,Other-relative,White,Female,0,0,89,United-States,<=50K
82,Private,644548,Masters,1,Married-civ-spouse,Adm-clerical,Other-relative,White,Male,0,0,19,Canada,<=50K
35,Private,481882,Some-college,4,Married-civ-spouse,Transport-moving,Not-in-family,White,Female,0,0,42,United-States,>50K
80,Government,319494,Masters,1,Never-married,Exec-managerial,Own-child,White,Male,0,0,76,Mexico,>50K
68,Government,168024,10th,15,Divorced,Farming-fishing,Wife,White,Male,0,0,78,United-States,>50K
26,Private,921517,Doctorate,5,Married-civ-spouse,Sales,Wife,White,Male,0,0,21,United-States,<=50K
30,Private,658085,9th,11,Married-civ-spouse,Adm-clerical,Other-relative,White,Female,0,0,66,United-States,<=50K
57,Government,807369,Doctorate,11,Divorced,Priv-house-serv,Unmarried,White,Male,0,0,53,Philippines,<=50K
72,Private,969206,Doctorate,8,Married-civ-spouse,Farming-fishing,Husband,White,Female,0,0,22,United-States,>50K
60,Private,573784,Doctorate,8,Married-civ-spouse,Transport-moving,Not-in-family,White,Male,0,0,33,United-States,<=50K
61,Self-emp,127221,Assoc-voc,5,Divorced,Armed-Forces,Own-child,Black,Male,0,0,53,United-States,<=50K
85,Private,820226,1st-4th,14,Never-married,Exec-managerial,Other-relative,White,Female,0,0,66,United-States,>50K
50,Private,134717,7th-8th,10,Married-civ-spouse,Tech-support,Unmarried,White,Female,0,0,25,United-States,>50K
41,Government,724080,5th-6th,2,Never-married,Exec-managerial,Not-in-family,White,Male,0,0,30,Mexico,<=50K
53,Private,690345,HS-grad,12,Married-civ-spouse,Exec-managerial,Unmarried,White,Female,0,0,85,United-States,<=50K
27,Private,815823,Preschool,6,Never-married,Exec-managerial,Not-in-family,White,Female,0,0,60,United-States,>50K
37,Private,984799,11th,1,Divorced,Protective-serv,Other-relative,White,Female,89025,0,30,United-States,<=50K
29,Private,82406,12th,7,Never-married,Craft-repair,Not-in-family,White,Female,0,0,69,United-States,<=50K
79,Self-emp,883486,Preschool,11,Divorced,Protective-serv,Husband,White,Female,0,0,60,United-States,<=50K
35,Private,505762,Prof-school,4,Married-civ-spouse,Prof-specialty,Not-in-family,White,Female,39075,0,30,United-States,<=50K
80,Private,818425,Masters,5,Married-civ-spouse,Exec-managerial,Own-child,White,Male,0,0,15,United-States,<=50K
42,Government,314783,Preschool,6,Married-civ-spouse,Craft-repair,Not-in-family,White,Female,0,0,82,United-States,>50K
29,Private,826152,Bachelors,11,Divorced,Priv-house-serv,Wife,White,Male,0,0,74,Canada,>50K
38,Private,150978,Prof-school,1,Never-married,Farming-fishing,Not-in-family,Black,Female,0,0,85,United-States,<=50K
42,Private,598108,10th,9,Divorced,Armed-Forces,Unmarried,Asian-Pac-Islander,Female,0,0,67,United-States,<=50K
28,Private,617405,10th,10,Never-married,Machine-op-inspct,Other-relative,White,Male,0,0,87,Other,<=50K
81,Private,859670,11th,4,Married-civ-spouse,Prof-specialty,Wife,White,Female,0,0,15,United-States,<=50K
67,Government,978993,Bachelors,8,Married-civ-spouse,Transport-moving,Other-relative,White,Male,0,0,74,United-States,<=50K
79,Government,762185,11th,5,Married-civ-spouse,Farming-fishing,Unmarried,White,Male,0,0,95,United-States,<=50K
66,Private,926246,Prof-school,11,Married-civ-spouse,Priv-house-serv,Own-child,White,Female,49303,1750,43,United-States,>50K
31,Private,116390,Prof-school,8,Married-civ-spouse,Transport-moving,Husband,White,Male,0,881,65,United-States,<=50K
18,Private,873376,5th-6th,15,Never-married,Other-service,Own-child,White,Female,59306,0,84,United-States,>50K
42,Private,365212,12th,1,Married-civ-spouse,Adm-clerical,Wife,White,Female,0,0,12,United-States,<=50K
76,Private,537481,1st-4th,8,Never-married,Protective-serv,Unmarried,White,Male,0,0,51,United-States,>50K
89,Government,837418,9th,11,Never-married,Transport-moving,Unmarried,White,Male,0,505,71,Mexico,<=50K
86,Private,987985,Masters,13,Married-civ-spouse,Transport-moving,Husband,White,Male,0,0,15,United-States,<=50K
22,Private,15220,Bachelors,11,Never-married,Armed-Forces,Not-in-family,White,Male,0,0,15,United-States,>50K
36,Private,684717,Assoc-voc,4,Married-civ-spouse,Sales,Wife,Other,Female,4591,0,72,United-States,<=50K
40,Private,49299,Prof-school,2,Married-civ-spouse,Other-service,Husband,White,Male,0,0,29,United-States,<=50K
26,Private,684909,11th,11,Married-civ-spouse,Handlers-cleaners,Other-relative,White,Male,0,0,30,United-States,<=50K
67,Private,813906,HS-grad,6,Married-civ-spouse,Priv-house-serv,Husband,Black,Male,0,0,11,United-States,<=50K
33,Private,67593,11th,2,Never-married,Protective-serv,Other-relative,Other,Male,0,0,65,United-States,>50K
50,Private,665501,Preschool,5,Never-married,Armed-Forces,Other-relative,White,Female,0,0,19,United-States,>50K
19,Private,878618,9th,2,Married-civ-spouse,Machine-op-inspct,Unmarried,White,Male,0,512,96,United-States,>50K
31,Private,902455,HS-grad,3,Married-civ-spouse,Handlers-cleaners,Husband,White,Female,0,0,79,United-States,<=50K
18,Private,554982,11th,11,Married-civ-spouse,Tech-support,Unmarried,White,Male,74829,0,32,United-States,<=50K
75,Government,379135,Some-college,6,Never-married,Tech-support,Unmarried,White,Female,0,0,39,United-States,<=50K
33,Private,157935,11th,1,Married-civ-spouse,Protective-serv,Own-child,White,Male,0,0,87,United-States,<=50K
64,Private,274834,Assoc-voc,6,Divorced,Exec-managerial,Own-child,White,Male,25238,0,46,United-States,<=50K
61,Private,124153,Assoc-acdm,3,Never-married,Armed-Forces,Unmarried,White,Female,0,0,64,United-States,<=50K
31,Self-emp,317200,12th,7,Married-civ-spouse,Machine-op-inspct,Unmarried,White,Male,0,0,58,United-States,<=50K
41,Private,987928,1st-4th,2,Widowed,Armed-Forces,Other-relative,White,Female,0,2228,43,United-States,<=50K
72,Private,786047,10th,14,Married-civ-spouse,Farming-fishing,Unmarried,White,Female,0,0,53,United-States,>50K
32,Private,948824,Prof-school,6,Widowed,Transport-moving,Wife,White,Male,0,0,31,Canada,>50K
89,Private,602251,9th,8,Married-civ-spouse,Other-service,Husband,White,Male,0,0,40,Germany,>50K
51,Private,952923,Masters,15,Married-civ-spouse,Machine-op-inspct,Wife,White,Female,0,0,16,United-States,>50K
19,Private,575120,Bachelors,15,Never-married,Other-service,Own-child,White,Male,0,0,30,United-States,>50K
44,Self-emp,701343,11th,15,Never-married,Sales,Wife,Black,Male,0,0,25,United-States,>50K
89,Private,32365,Some-college,1,Never-married,Farming-fishing,Not-in-family,White,Male,0,0,29,United-States,>50K
40,Private,931415,Some-college,11,Married-civ-spouse,Handlers-cleaners,Not-in-family,White,Male,0,0,52,United-States,<=50K
85,Private,751357,1st-4th,11,Separated,Other-service,Own-child,White,Male,0,0,53,United-States,>50K
31,Private,127037,Masters,13,Married-civ-spouse,Sales,Wife,White,Female,0,0,56,Mexico,>50K
80,Private,928153,1st-4th,9,Married-civ-spouse,Machine-op-inspct,Husband,White,Female,0,0,28,United-States,>50K
82,Government,982192,Bachelors,5,Married-civ-spouse,Sales,Own-child,White,Female,0,709,57,United-States,<=50K
85,Without-pay,822901,Prof-school,5,Never-married,Adm-clerical,Not-in-family,White,Female,0,0,88,United-States,<=50K
80,Private,782904,Prof-school,13,Never-married,Sales,Own-child,White,Male,0,0,78,United-States,>50K
81,Private,889794,11th,12,Married-civ-spouse,Protective-serv,Wife,White,Female,0,0,20,United-States,<=50K
49,Private,793637,1st-4th,5,Married-civ-spouse,Armed-Forces,Wife,White,Male,70619,0,88,United-States,>50K
30,Private,877471,1st-4th,6,Married-civ-spouse,Sales,Wife,White,Male,4340,0,38,United-States,>50K
83,Private,315490,7th-8th,2,Married-civ-spouse,Protective-serv,Other-relative,Asian-Pac-Islander,Male,0,0,54,United-States,>50K
36,Self-emp,621786,1st-4th,6,Divorced,Exec-managerial,Wife,White,Male,0,0,77,United-States,>50K
41,Self-emp,444100,Assoc-acdm,14,Never-married,Tech-support,Unmarried,White,Female,0,0,45,United-States,<=50K
28,Private,896090,Doctorate,11,Never-married,Handlers-cleaners,Not-in-family,White,Female,0,0,57,United-States,<=50K
76,Private,945181,12th,4,Separated,Adm-clerical,Not-in-family,White,Male,0,0,96,United-States,<=50K
32,Private,70390,Doctorate,8,Married-civ-spouse,Priv-house-serv,Other-relative,White,Male,0,0,24,United-States,>50K
27,Private,881610,Preschool,13,Married-civ-spouse,Adm-clerical,Not-in-family,White,Female,0,0,53,United-States,<=50K
58,Private,471465,Assoc-acdm,11,Divorced,Tech-support,Not-in-family,White,Male,0,0,76,United-States,<=50K
44,Private,72635,12th,9,Never-married,Prof-specialty,Own-child,White,Male,0,0,83,United-States,>50K
77,Private,870563,Assoc-acdm,9,Divorced,Other-service,Wife,White,Male,0,0,49,Other,>50K
69,Private,875747,Doctorate,8,Never-married,Sales,Unmarried,White,Female,0,0,95,United-States,>50K
45,Private,73734,Some-college,3,Divorced,Machine-op-inspct,Unmarried,White,Female,0,0,23,United-States,>50K
82,Self-emp,546452,Masters,10,Married-civ-spouse,Sales,Own-child,White,Male,0,0,72,United-States,>50K
34,Private,63184,5th-6th,11,Married-civ-spouse,Machine-op-inspct,Unmarried,White,Male,0,2998,90,India,<=50K
61,Private,470298,12th,11,Never-married,Sales,Own-child,White,Female,22275,0,94,United-States,<=50K
27,Private,962878,12th,4,Never-married,Adm-clerical,Unmarried,White,Male,0,0,60,United-States,>50K
80,Private,101964,9th,1,Married-civ-spouse,Prof-specialty,Not-in-family,White,Male,0,0,88,United-States,<=50K
64,Private,231996,Assoc-acdm,9,Married-civ-spouse,Tech-support,Husband,White,Female,0,0,67,United-States,<=50K
55,Private,111678,10th,5,Divorced,Protective-serv,Wife,White,Male,0,0,24,United-States,>50K
87,Private,887473,5th-6th,6,Never-married,Farming-fishing,Husband,Black,Male,0,0,74,United-States,<=50K
70,Private,88709,Doctorate,3,Married-civ-spouse,Craft-repair,Not-in-family,White,Female,82365,0,97,United-States,<=50K
61,Government,563868,11th,11,Divorced,Handlers-cleaners,Other-relative,White,Male,0,0,64,Other,<=50K
71,Private,497403,12th,10,Married-civ-spouse,Farming-fishing,Own-child,White,Male,78003,0,85,United-States,>50K
37,Private,722152,7th-8th,8,Separated,Handlers-cleaners,Unmarried,White,Male,0,0,19,United-States,>50K
48,Private,426534,Some-college,15,Married-civ-spouse,Other-service,Unmarried,White,Male,0,0,51,United-States,<=50K
24,Private,679987,Assoc-voc,7,Never-married,Tech-support,Not-in-family,White,Female,0,0,20,United-States,>50K
75,Self-emp,343758,11th,1,Divorced,Machine-op-inspct,Unmarried,White,Male,0,0,25,United-States,<=50K
27,Private,439307,5th-6th,10,Married-civ-spouse,Protective-serv,Not-in-family,White,Female,0,0,82,United-States,>50K
27,Private,795995,1st-4th,12,Divorced,Protective-serv,Husband,White,Male,0,0,87,United-States,>50K
56,Private,214974,5th-6th,5,Married-civ-spouse,Farming-fishing,Other-relative,White,Male,0,0,28,United-States,>50K
45,Private,548732,Assoc-acdm,10,Never-married,Armed-Forces,Own-child,Black,Male,0,0,40,United-States,>50K
47,Government,967377,Prof-school,9,Divorced,Transport-moving,Unmarried,White,Male,0,0,82,United-States,>50K
54,Private,289891,10th,12,Married-civ-spouse,Transport-moving,Other-relative,White,Male,0,0,62,Mexico,<=50K
84,Private,758367,Assoc-acdm,11,Married-civ-spouse,Farming-fishing,Other-relative,White,Female,0,0,17,Mexico,>50K
60,Government,674589,9th,12,Never-married,Handlers-cleaners,Other-relative,White,Male,14074,0,33,Mexico,>50K
69,Government,123332,Doctorate,6,Married-civ-spouse,Farming-fishing,Wife,White,Female,19091,0,17,United-States,<=50K
73,Private,747200,11th,8,Divorced,Machine-op-inspct,Other-relative,White,Male,0,0,92,United-States,>50K
85,Private,755231,Preschool,10,Married-civ-spouse,Tech-support,Not-in-family,White,Female,0,0,57,Other,>50K
26,Private,389843,Some-college,1,Separated,Armed-Forces,Wife,White,Female,0,0,39,United-States,<=50K
40,Private,864058,9th,10,Divorced,Other-service,Wife,White,Female,0,0,67,United-States,>50K
80,Government,854236,Bachelors,11,Never-married,Protective-serv,Other-relative,White,Female,0,0,95,United-States,>50K
78,Private,451445,Some-college,7,Married-civ-spouse,Craft-repair,Unmarried,White,Female,0,0,64,United-States,<=50K
57,Private,304512,12th,3,Married-civ-spouse,Tech-support,Unmarried,Black,Male,0,0,82,United-States,>50K
61,Government,20944,Bachelors,9,Married-civ-spouse,Exec-managerial,Unmarried,White,Male,0,0,71,United-States,<=50K
41,Private,959256,Preschool,6,Married-civ-spouse,Other-service,Unmarried,White,Male,0,0,57,United-States,>50K
68,Private,305060,Prof-school,5,Never-married,Farming-fishing,Not-in-family,White,Female,0,0,13,United-States,<=50K
75,Government,292961,9th,8,Divorced,Machine-op-inspct,Unmarried,Asian-Pac-Islander,Male,0,0,46,United-States,<=50K
50,Self-emp,998138,Some-college,8,Married-civ-spouse,Prof-specialty,Own-child,White,Female,0,0,17,United-States,>50K
33,Self-emp,273277,HS-grad,12,Never-married,Farming-fishing,Other-relative,White,Male,0,0,10,United-States,>50K
39,Private,518257,HS-grad,12,Married-civ-spouse,Armed-Forces,Wife,White,Male,0,0,79,United-States,<=50K
74,Self-emp,641891,Masters,3,Married-civ-spouse,Adm-clerical,Own-child,White,Male,0,0,56,United-States,<=50K
79,Private,397626,Masters,2,Never-married,Adm-clerical,Unmarried,White,Female,0,0,84,United-States,>50K
88,Private,388945,Assoc-voc,15,Divorced,Transport-moving,Own-child,White,Male,0,0,14,United-States,>50K
89,Without-pay,984211,Bachelors,2,Never-married,Prof-specialty,Wife,Other,Male,0,0,59,United-States,<=50K
87,Private,169742,7th-8th,14,Married-civ-spouse,Craft-repair,Unmarried,White,Male,0,0,33,United-States,>50K
47,Self-emp,196234,11th,5,Married-civ-spouse,Adm-clerical,Own-child,White,Male,0,0,56,United-States,>50K
40,Private,975228,Assoc-acdm,10,Married-civ-spouse,Craft-repair,Not-in-family,White,Male,0,0,27,United-States,<=50K
49,Private,324981,12th,12,Never-married,Other-service,Not-in-family,White,Male,0,0,93,United-States,>50K
74,Self-emp,177046,Doctorate,7,Divorced,Prof-specialty,Other-relative,Black,Female,0,0,37,United-States,<=50K
26,Private,142181,Prof-school,8,Married-civ-spouse,Craft-repair,Other-relative,White,Male,0,0,86,United-States,<=50K
48,Private,563043,HS-grad,10,Never-married,Exec-managerial,Own-child,White,Male,0,0,14,United-States,<=50K
88,Private,118473,7th-8th,15,Married-civ-spouse,Craft-repair,Wife,White,Male,87553,0,39,United-States,>50K
26,Government,296946,Masters,8,Never-married,Priv-house-serv,Not-in-family,White,Male,0,0,10,Mexico,<=50K
30,Private,599059,1st-4th,13,Married-civ-spouse,Sales,Husband,White,Male,0,0,95,Mexico,<=50K
75,Private,316043,Doctorate,12,Married-civ-spouse,Transport-moving,Other-relative,White,Male,0,0,91,United-States,>50K
20,Private,183044,7th-8th,8,Married-civ-spouse,Transport-moving,Not-in-family,White,Male,0,0,55,United-States,>50K
52,Government,399139,Bachelors,15,Married-civ-spouse,Other-service,Unmarried,Black,Male,0,0,78,United-States,<=50K
38,Self-emp,734002,Assoc-voc,10,Never-married,Exec-managerial,Own-child,White,Female,0,0,40,Germany,<=50K
81,Self-emp,177776,12th,12,Never-married,Prof-specialty,Not-in-family,Asian-Pac-Islander,Female,0,0,79,United-States,<=50K
69,Private,774658,7th-8th,11,Divorced,Protective-serv,Not-in-family,White,Female,0,0,65,United-States,<=50K
51,Private,871626,Prof-school,3,Never-married,Handlers-cleaners,Own-child,White,Male,0,0,98,United-States,<=50K
52,Private,643772,Preschool,14,Married-civ-spouse,Farming-fishing,Other-relative,White,Male,0,0,37,United-States,<=50K
32,Private,215069,Bachelors,11,Never-married,Machine-op-inspct,Other-relative,White,Male,0,0,25,United-States,<=50K
23,Private,325102,9th,2,Never-married,Adm-clerical,Husband,White,Male,0,0,63,United-States,>50K
49,Government,884901,Prof-school,13,Married-civ-spouse,Armed-Forces,Husband,White,Female,0,0,62,United-States,<=50K
69,Self-emp,52491,Assoc-acdm,4,Married-civ-spouse,Sales,Other-relative,White,Male,0,0,21,United-States,>50K
45,Private,542783,Assoc-voc,15,Never-married,Sales,Other-relative,White,Male,0,0,29,United-States,>50K
81,Private,599469,12th,1,Married-civ-spouse,Handlers-cleaners,Other-relative,White,Male,0,0,91,United-States,>50K
36,Self-emp,531500,Assoc-voc,3,Never-married,Priv-house-serv,Other-relative,White,Female,0,0,43,United-States,<=50K
32,Private,763187,10th,11,Married-civ-spouse,Farming-fishing,Not-in-family,White,Male,0,0,62,United-States,>50K
23,Private,713472,Doctorate,9,Divorced,Farming-fishing,Husband,White,Male,0,0,73,Mexico,>50K
55,Private,809529,1st-4th,7,Divorced,Transport-moving,Own-child,White,Male,0,0,32,United-States,<=50K
43,Private,424748,Assoc-voc,7,Married-civ-spouse,Adm-clerical,Wife,White,Male,0,0,36,United-States,>50K
68,Self-emp,172182,5th-6th,1,Married-civ-spouse,Transport-moving,Own-child,Black,Male,0,2007,26,United-States,>50K
70,Private,713903,Bachelors,7,Married-civ-spouse,Craft-repair,Unmarried,White,Male,0,0,57,United-States,>50K
73,Private,978588,Assoc-voc,10,Divorced,Protective-serv,Wife,White,Male,0,0,30,United-States,<=50K
76,Private,519944,Masters,7,Never-married,Transport-moving,Not-in-family,White,Male,0,0,59,United-States,<=50K
87,Self-emp,574990,11th,4,Married-civ-spouse,Prof-specialty,Unmarried,White,Male,0,0,49,United-States,>50K
75,Private,465564,Prof-school,7,Never-married,Farming-fishing,Husband,White,Male,0,0,12,United-States,<=50K
30,Private,923333,12th,8,Married-civ-spouse,Farming-fishing,Wife,White,Male,0,0,26,United-States,>50K
60,Government,690077,Prof-school,3,Never-married,Machine-op-inspct,Other-relative,Black,Female,0,0,70,India,<=50K
68,Government,852373,9th,13,Never-married,Protective-serv,Unmarried,White,Female,0,0,59,United-States,<=50K
36,Without-pay,376223,Assoc-voc,10,Married-civ-spouse,Exec-managerial,Not-in-family,White,Male,0,0,96,India,>50K
38,Self-emp,117304,Assoc-voc,2,Never-married,Exec-managerial,Wife,White,Male,0,0,15,United-States,>50K
41,Private,355011,Assoc-acdm,7,Divorced,Machine-op-inspct,Other-relative,White,Male,0,0,37,United-States,<=50K
43,Private,988799,Assoc-voc,5,Married-civ-spouse,Tech-support,Unmarried,White,Male,0,0,81,United-States,>50K
62,Private,660580,Doctorate,5,Never-married,Prof-specialty,Not-in-family,White,Female,0,0,64,United-States,<=50K
45,Private,577540,Assoc-voc,14,Married-civ-spouse,Farming-fishing,Unmarried,White,Male,0,0,67,United-States,<=50K
46,Government,846349,5th-6th,5,Married-civ-spouse,Protective-serv,Wife,Black,Female,0,0,54,United-States,>50K
34,Self-emp,119419,Prof-school,15,Divorced,Adm-clerical,Other-relative,White,Male,0,0,81,United-States,<=50K
85,Self-emp,246548,Prof-school,7,Never-married,Priv-house-serv,Husband,White,Male,0,0,28,United-States,>50K
61,Private,817831,HS-grad,9,Never-married,Prof-specialty,Not-in-family,White,Female,0,0,38,Philippines,>50K
78,Government,363194,Doctorate,11,Married-civ-spouse,Handlers-cleaners,Wife,White,Female,0,0,32,United-States,<=50K
85,Self-emp,12496,HS-grad,8,Separated,Sales,Other-relative,White,Female,0,0,41,India,<=50K
42,Private,40985,Prof-school,6,Never-married,Priv-house-serv,Husband,White,Female,0,0,19,United-States,<=50K
84,Government,125950,12th,7,Separated,Farming-fishing,Unmarried,White,Male,0,0,58,United-States,>50K
19,Private,638985,7th-8th,9,Married-civ-spouse,Tech-support,Other-relative,White,Female,0,0,74,United-States,<=50K
66,Private,948938,Doctorate,14,Never-married,Adm-clerical,Husband,White,Male,0,0,38,United-States,>50K
87,Private,572466,Masters,11,Never-married,Priv-house-serv,Wife,Black,Female,0,0,68,United-States,>50K
43,Private,829742,1st-4th,6,Married-civ-spouse,Prof-specialty,Other-relative,White,Male,0,0,54,United-States,<=50K
89,Private,86407,Preschool,1,Separated,Other-service,Other-relative,Black,Female,0,0,76,United-States,>50K
44,Private,940894,Assoc-acdm,4,Married-civ-spouse,Sales,Own-child,Asian-Pac-Islander,Male,0,0,60,United-States,<=50K
35,Without-pay,86682,9th,8,Married-civ-spouse,Farming-fishing,Not-in-family,White,Male,0,0,20,United-States,<=50K
71,Private,131352,7th-8th,7,Separated,Priv-house-serv,Other-relative,White,Male,0,0,95,United-States,>50K
18,Self-emp,58577,1st-4th,3,Separated,Prof-specialty,Husband,White,Female,0,0,91,United-States,<=50K
78,Private,99643,Doctorate,10,Married-civ-spouse,Prof-specialty,Not-in-family,White,Male,0,0,15,United-States,>50K
20,Private,586221,HS-grad,3,Married-civ-spouse,Priv-house-serv,Wife,White,Male,0,0,76,United-States,<=50K
85,Private,513951,1st-4th,11,Never-married,Adm-clerical,Not-in-family,White,Male,0,0,71,United-States,>50K
58,Private,811911,10th,3,Separated,Sales,Own-child,Black,Male,0,0,14,United-States,>50K
54,Private,348863,Assoc-voc,12,Divorced,Exec-managerial,Wife,White,Female,0,0,18,United-States,>50K
68,Private,356676,Prof-school,15,Never-married,Exec-managerial,Other-relative,White,Male,0,0,37,United-States,>50K
32,Private,431440,HS-grad,1,Never-married,Other-service,Unmarried,White,Female,0,0,92,United-States,<=50K
25,Private,191423,1st-4th,15,Married-civ-spouse,Craft-repair,Wife,Asian-Pac-Islander,Male,0,2705,86,United-States,>50K
55,Self-emp,157245,Assoc-voc,10,Widowed,Machine-op-inspct,Wife,White,Male,0,0,47,United-States,>50K
73,Private,872840,11th,1,Married-civ-spouse,Farming-fishing,Own-child,Amer-Indian-Eskimo,Female,0,0,52,United-States,<=50K
64,Private,49800,Bachelors,6,Never-married,Adm-clerical,Husband,White,Male,0,0,30,United-States,>50K
27,Private,692784,Assoc-voc,14,Divorced,Farming-fishing,Wife,White,Male,0,0,71,United-States,<=50K
66,Private,688067,7th-8th,14,Divorced,Transport-moving,Husband,White,Male,0,0,55,United-States,>50K
58,Private,473440,Some-college,1,Never-married,Protective-serv,Not-in-family,White,Female,77893,0,79,United-States,<=50K
47,Government,22854,Preschool,5,Widowed,Adm-clerical,Unmarried,White,Male,0,0,47,United-States,>50K
22,Self-emp,899522,Assoc-voc,4,Never-married,Armed-Forces,Own-child,White,Female,0,0,58,United-States,<=50K
88,Private,144753,12th,5,Never-married,Exec-managerial,Other-relative,White,Female,0,0,84,United-States,<=50K
48,Private,949117,Some-college,7,Married-civ-spouse,Transport-moving,Wife,White,Male,0,0,90,United-States,<=50K
69,Private,816311,10th,6,Never-married,Adm-clerical,Unmarried,White,Male,0,0,48,Mexico,<=50K
40,Self-emp,802510,10th,12,Married-civ-spouse,Sales,Unmarried,Black,Female,0,979,80,United-States,<=50K
65,Private,124166,11th,9,Married-civ-spouse,Craft-repair,Husband,White,Male,0,0,39,United-States,>50K
57,Private,841893,10th,6,Married-civ-spouse,Other-service,Wife,White,Male,0,0,30,United-States,>50K
23,Self-emp,514793,12th,9,Never-married,Tech-support,Unmarried,White,Male,0,0,10,United-States,<=50K
55,Self-emp,893324,Doctorate,4,Widowed,Exec-managerial,Own-child,White,Male,0,0,98,United-States,<=50K
58,Self-emp,586602,1st-4th,1,Never-married,Tech-support,Other-relative,White,Female,0,0,41,United-States,<=50K
44,Government,37941,12th,1,Married-civ-spouse,Priv-house-serv,Not-in-family,White,Female,0,0,17,United-States,<=50K
86,Government,928920,11th,10,Married-civ-spouse,Transport-moving,Not-in-family,White,Female,0,0,78,United-States,<=50K
74,Private,226100,1st-4th,7,Divorced,Tech-support,Husband,White,Male,0,0,39,Mexico,>50K
34,Private,264468,10th,13,Married-civ-spouse,Armed-Forces,Unmarried,White,Male,0,0,17,United-States,<=50K
88,Self-emp,166497,HS-grad,13,Married-civ-spouse,Transport-moving,Not-in-family,White,Male,0,0,28,Other,<=50K
64,Private,787877,Assoc-acdm,13,Never-married,Transport-moving,Husband,White,Female,0,0,68,United-States,>50K
30,Without-pay,659069,11th,3,Separated,Protective-serv,Other-relative,White,Male,0,0,64,United-States,>50K
28,Private,502427,10th,2,Married-civ-spouse,Handlers-cleaners,Wife,White,Female,0,0,39,United-States,>50K
41,Private,673867,7th-8th,14,Married-civ-spouse,Craft-repair,Own-child,White,Male,0,0,88,United-States,>50K
21,Private,725947,Some-college,6,Never-married,Machine-op-inspct,Other-relative,White,Male,0,514,45,United-States,>50K
63,Private,394405,Assoc-voc,6,Never-married,Prof-specialty,Other-relative,Asian-Pac-Islander,Female,0,0,64,United-States,<=50K
35,Private,810005,Assoc-acdm,13,Never-married,Sales,Not-in-family,White,Male,0,0,53,Philippines,>50K
60,Self-emp,199923,Doctorate,7,Married-civ-spouse,Adm-clerical,Not-in-family,White,Female,0,0,36,United-States,>50K
50,Private,169770,5th-6th,5,Married-civ-spouse,Farming-fishing,Own-child,White,Female,18845,0,86,United-States,>50K
27,Self-emp,969982,Some-college,8,Widowed,Machine-op-inspct,Wife,White,Male,0,0,87,United-States,<=50K
76,Private,333638,Masters,7,Married-civ-spouse,Protective-serv,Other-relative,White,Male,0,0,63,United-States,<=50K
48,Private,28318,11th,2,Never-married,Farming-fishing,Unmarried,White,Male,0,0,57,India,>50K
45,Private,704079,Assoc-acdm,15,Married-civ-spouse,Other-service,Not-in-family,White,Female,0,0,39,United-States,>50K
77,Private,997384,12th,1,Divorced,Other-service,Other-relative,White,Male,0,0,48,United-States,<=50K
20,Self-emp,368672,HS-grad,13,Never-married,Sales,Wife,White,Male,0,0,22,United-States,>50K
72,Government,771090,Bachelors,14,Divorced,Armed-Forces,Husband,White,Male,0,0,25,United-States,<=50K
31,Government,85529,Bachelors,9,Never-married,Adm-clerical,Wife,White,Female,0,0,53,United-States,<=50K
75,Government,49102,11th,5,Married-civ-spouse,Adm-clerical,Other-relative,White,Male,0,0,80,United-States,<=50K
32,Private,29006,9th,12,Widowed,Exec-managerial,Other-relative,White,Female,0,0,36,United-States,<=50K
19,Government,805480,Masters,11,Married-civ-spouse,Priv-house-serv,Own-child,White,Female,0,0,54,United-States,<=50K
41,Self-emp,425165,HS-grad,5,Married-civ-spouse,Adm-clerical,Other-relative,White,Male,0,0,44,United-States,<=50K
81,Government,216676,Masters,12,Married-civ-spouse,Prof-specialty,Not-in-family,White,Male,0,0,88,United-States,>50K
88,Private,27909,Bachelors,10,Never-married,Machine-op-inspct,Unmarried,White,Female,0,0,37,United-States,>50K
41,Government,958839,9th,4,Never-married,Transport-moving,Own-child,White,Male,0,0,16,United-States,>50K
44,Private,44184,12th,2,Divorced,Machine-op-inspct,Other-relative,White,Female,0,0,71,Mexico,<=50K
54,Self-emp,464039,Assoc-acdm,5,Divorced,Priv-house-serv,Wife,White,Male,0,0,60,United-States,>50K
56,Private,333359,Bachelors,2,Never-married,Farming-fishing,Other-relative,White,Male,0,0,55,United-States,>50K
80,Private,208402,1st-4th,12,Never-married,Handlers-cleaners,Wife,White,Female,6179,0,29,Mexico,<=50K
43,Private,168713,12th,7,Never-married,Sales,Wife,White,Male,0,0,47,United-States,<=50K
82,Private,340400,12th,11,Never-married,Sales,Other-relative,White,Male,0,0,70,United-States,>50K
21,Private,16826,Assoc-acdm,9,Divorced,Prof-specialty,Wife,White,Male,0,0,41,United-States,<=50K
46,Self-emp,366460,Bachelors,9,Married-civ-spouse,Armed-Forces,Unmarried,White,Male,0,0,35,United-States,<=50K
18,Private,835995,5th-6th,11,Married-civ-spouse,Adm-clerical,Husband,White,Male,0,0,67,United-States,<=50K
67,Private,62828,12th,6,Widowed,Handlers-cleaners,Own-child,White,Male,0,0,48,United-States,>50K
28,Private,637668,12th,1,Married-civ-spouse,Exec-managerial,Other-relative,White,Female,0,0,29,United-States,>50K
76,Private,123766,11th,13,Married-civ-spouse,Exec-managerial,Husband,White,Male,0,0,91,United-States,>50K
79,Private,540657,Some-college,6,Separated,Machine-op-inspct,Wife,Black,Male,0,0,59,Canada,>50K
53,Private,575600,HS-grad,5,Married-civ-spouse,Prof-specialty,Wife,White,Male,0,0,88,United-States,>50K
73,Private,381871,Some-college,4,Never-married,Tech-support,Own-child,Asian-Pac-Islander,Female,0,0,61,Mexico,<=50K
38,Private,248995,Masters,12,Never-married,Tech-support,Husband,White,Male,0,0,95,United-States,>50K
30,Private,146898,10th,6,Widowed,Adm-clerical,Husband,White,Female,0,0,31,United-States,<=50K
26,Private,664659,Prof-school,6,Married-civ-spouse,Machine-op-inspct,Other-relative,White,Male,0,0,62,United-States,<=50K
28,Private,929696,HS-grad,14,Married-civ-spouse,Prof-specialty,Wife,White,Male,0,0,94,Other,>50K
87,Government,921089,Assoc-acdm,6,Never-married,Protective-serv,Not-in-family,White,Male,0,0,75,United-States,<=50K
18,Private,423136,Doctorate,2,Married-civ-spouse,Tech-support,Other-relative,White,Male,0,0,52,United-States,>50K
87,Private,123554,5th-6th,15,Divorced,Armed-Forces,Other-relative,White,Male,0,0,91,United-States,>50K
73,Private,951187,Assoc-voc,14,Never-married,Craft-repair,Other-relative,Asian-Pac-Islander,Male,0,0,32,United-States,>50K
48,Private,35692,1st-4th,7,Married-civ-spouse,Farming-fishing,Own-child,White,Female,0,0,86,United-States,<=50K
54,Private,765984,Preschool,14,Separated,Other-service,Own-child,White,Male,0,0,73,Germany,>50K
64,Private,493007,Some-college,4,Never-married,Farming-fishing,Other-relative,White,Male,0,0,18,United-States,>50K
64,Private,616741,Some-college,13,Married-civ-spouse,Priv-house-serv,Unmarried,White,Male,0,0,16,United-States,>50K
86,Private,543697,9th,15,Married-civ-spouse,Other-service,Not-in-family,White,Female,12023,0,50,United-States,>50K
75,Private,746425,10th,12,Married-civ-spouse,Craft-repair,Husband,White,Male,0,0,63,Canada,<=50K
53,Private,549083,10th,9,Married-civ-spouse,Priv-house-serv,Husband,White,Male,0,0,74,Other,>50K
49,Without-pay,348860,7th-8th,10,Never-married,Craft-repair,Wife,White,Male,0,0,11,United-States,<=50K
81,Private,200644,Prof-school,2,Married-civ-spouse,Prof-specialty,Husband,White,Female,0,0,13,United-States,<=50K
88,Private,687095,Preschool,5,Married-civ-spouse,Handlers-cleaners,Husband,Other,Male,0,0,87,United-States,>50K
59,Government,487115,Assoc-voc,14,Never-married,Sales,Not-in-family,White,Male,0,0,41,United-States,<=50K
65,Self-emp,395555,10th,4,Divorced,Tech-support,Husband,Asian-Pac-Islander,Female,86285,0,11,United-States,>50K
47,Private,578324,1st-4th,9,Married-civ-spouse,Prof-specialty,Not-in-family,White,Female,0,1543,73,United-States,>50K
38,Self-emp,533809,7th-8th,4,Separated,Handlers-cleaners,Own-child,White,Male,82506,0,23,United-States,>50K
77,Private,63387,Doctorate,8,Married-civ-spouse,Sales,Not-in-family,White,Female,0,0,29,United-States,<=50K
30,Private,480043,Bachelors,8,Never-married,Prof-specialty,Own-child,White,Male,0,0,98,United-States,<=50K
18,Private,900977,9th,6,Never-married,Adm-clerical,Not-in-family,White,Male,0,0,58,United-States,<=50K
82,Private,481301,12th,6,Never-married,Sales,Other-relative,White,Male,0,0,17,United-States,<=50K
50,Private,546309,12th,11,Never-married,Priv-house-serv,Unmarried,White,Male,0,0,72,Other,<=50K
55,Private,603938,7th-8th,8,Divorced,Armed-Forces,Own-child,White,Male,0,2235,55,United-States,>50K
42,Private,602408,7th-8th,12,Never-married,Farming-fishing,Own-child,White,Female,0,0,30,United-States,<=50K
43,Private,544028,12th,13,Never-married,Sales,Husband,White,Male,0,0,96,Mexico,>50K
76,Private,765152,Assoc-voc,12,Married-civ-spouse,Farming-fishing,Own-child,White,Male,0,0,41,United-States,>50K
50,Private,720914,Preschool,10,Married-civ-spouse,Priv-house-serv,Not-in-family,White,Male,0,0,17,United-States,>50K
58,Private,761639,1st-4th,9,Never-married,Exec-managerial,Other-relative,White,Female,0,0,25,Canada,<=50K
47,Private,154391,1st-4th,15,Divorced,Other-service,Other-relative,White,Male,0,0,49,United-States,<=50K
74,Without-pay,525951,1st-4th,5,Never-married,Farming-fishing,Husband,Asian-Pac-Islander,Male,0,0,36,United-States,<=50K
66,Private,239603,1st-4th,11,Never-married,Craft-repair,Not-in-family,White,Male,0,0,27,United-States,<=50K
65,Private,358535,12th,1,Divorced,Adm-clerical,Not-in-family,White,Male,0,1720,44,United-States,<=50K
89,Government,408458,Preschool,1,Married-civ-spouse,Protective-serv,Wife,White,Female,0,0,61,United-States,<=50K
66,Private,580457,5th-6th,15,Married-civ-spouse,Tech-support,Own-child,White,Female,0,0,24,India,<=50K
64,Government,796220,11th,2,Divorced,Exec-managerial,Husband,White,Male,0,0,72,United-States,<=50K
73,Private,754903,10th,10,Divorced,Exec-managerial,Other-relative,White,Female,0,0,62,Philippines,>50K
82,Private,597999,10th,10,Never-married,Machine-op-inspct,Unmarried,White,Male,0,0,90,Mexico,>50K
29,Private,956911,Prof-school,5,Never-married,Prof-specialty,Wife,White,Female,0,0,75,United-States,<=50K
86,Private,587792,10th,4,Never-married,Prof-specialty,Not-in-family,White,Male,0,0,40,United-States,>50K
23,Private,424528,Some-college,1,Never-married,Prof-specialty,Own-child,White,Male,0,0,70,United-States,<=50K
82,Government,351774,Masters,4,Married-civ-spouse,Sales,Other-relative,White,Male,0,0,73,United-States,>50K
42,Self-emp,124481,12th,4,Never-married,Tech-support,Wife,Black,Male,0,0,43,United-States,<=50K
18,Private,377763,11th,10,Married-civ-spouse,Other-service,Not-in-family,White,Male,0,0,64,Other,<=50K
49,Self-emp,124050,12th,4,Divorced,Protective-serv,Other-relative,White,Male,0,0,68,United-States,<=50K
20,Private,547276,Assoc-voc,1,Married-civ-spouse,Protective-serv,Other-relative,White,Male,0,0,12,United-States,<=50K
66,Private,350878,Bachelors,9,Married-civ-spouse,Farming-fishing,Not-in-family,White,Female,0,0,26,United-States,>50K
36,Private,731594,11th,14,Married-civ-spouse,Priv-house-serv,Not-in-family,Other,Male,22402,0,87,United-States,<=50K
77,Self-emp,731333,Prof-school,3,Married-civ-spouse,Transport-moving,Husband,White,Female,0,0,87,United-States,<=50K
46,Private,228811,Masters,13,Divorced,Prof-specialty,Other-relative,Black,Female,0,0,55,Philippines,<=50K
67,Private,812427,Doctorate,4,Widowed,Exec-managerial,Not-in-family,White,Male,0,0,47,United-States,<=50K
19,Government,900916,HS-grad,5,Married-civ-spouse,Farming-fishing,Unmarried,White,Female,0,0,44,United-States,>50K
73,Private,150948,11th,13,Never-married,Tech-support,Unmarried,White,Male,0,0,10,United-States,>50K
34,Private,290681,Assoc-acdm,13,Divorced,Exec-managerial,Wife,White,Female,0,0,38,United-States,>50K
77,Private,786086,1st-4th,7,Married-civ-spouse,Craft-repair,Own-child,Amer-Indian-Eskimo,Male,0,0,13,United-States,<=50K
53,Private,851592,Assoc-acdm,6,Married-civ-spouse,Tech-support,Unmarried,White,Female,0,0,70,United-States,>50K
78,Private,622583,HS-grad,5,Married-civ-spouse,Sales,Husband,White,Female,0,0,26,United-States,>50K
34,Government,496242,7th-8th,8,Never-married,Prof-specialty,Not-in-family,White,Female,0,0,37,United-States,>50K
66,Private,136097,Masters,14,Married-civ-spouse,Handlers-cleaners,Own-child,White,Female,0,0,59,United-States,<=50K
77,Private,752416,Assoc-acdm,1,Married-civ-spouse,Adm-clerical,Husband,White,Male,0,0,17,United-States,<=50K
37,Private,408494,5th-6th,7,Married-civ-spouse,Exec-managerial,Other-relative,White,Male,0,0,43,United-States,>50K
67,Private,699087,7th-8th,12,Divorced,Machine-op-inspct,Own-child,White,Female,0,0,68,United-States,>50K
20,Private,20031,10th,6,Never-married,Machine-op-inspct,Unmarried,White,Male,0,0,27,United-States,>50K
60,Government,72745,Masters,11,Married-civ-spouse,Transport-moving,Husband,Black,Male,0,0,68,United-States,<=50K
74,Private,886821,12th,5,Divorced,Adm-clerical,Not-in-family,White,Female,0,0,36,United-States,<=50K
67,Private,882572,12th,7,Married-civ-spouse,Other-service,Not-in-family,White,Female,0,0,25,United-States,<=50K
85,Private,783804,Some-college,3,Married-civ-spouse,Other-service,Husband,White,Female,0,0,19,United-States,<=50K
67,Private,902323,5th-6th,1,Married-civ-spouse,Adm-clerical,Other-relative,White,Male,0,0,85,United-States,<=50K
54,Self-emp,363599,Assoc-acdm,9,Divorced,Handlers-cleaners,Unmarried,White,Male,0,0,31,Germany,>50K
63,Self-emp,489906,Doctorate,2,Divorced,Sales,Husband,White,Male,0,0,25,United-States,>50K
59,Private,608730,HS-grad,13,Never-married,Tech-support,Wife,White,Male,0,0,21,United-States,>50K
32,Government,220906,Some-college,10,Never-married,Handlers-cleaners,Husband,Other,Male,0,0,84,United-States,>50K
50,Private,904433,Prof-school,15,Married-civ-spouse,Farming-fishing,Husband,White,Male,0,0,93,United-States,>50K
28,Private,783969,Doctorate,3,Married-civ-spouse,Prof-specialty,Unmarried,White,Female,0,0,60,United-States,<=50K
37,Private,61866,5th-6th,8,Divorced,Other-service,Not-in-family,White,Male,0,0,10,United-States,<=50K
41,Private,863315,11th,12,Never-married,Armed-Forces,Other-relative,White,Female,0,0,36,United-States,<=50K
81,Government,473760,Assoc-acdm,10,Married-civ-spouse,Exec-managerial,Husband,White,Male,0,0,76,United-States,>50K
82,Private,65237,Masters,9,Separated,Other-service,Own-child,Asian-Pac-Islander,Female,0,0,21,Mexico,<=50K
34,Private,820985,5th-6th,13,Divorced,Machine-op-inspct,Not-in-family,Black,Female,8094,0,39,United-States,<=50K
78,Self-emp,233626,Doctorate,3,Married-civ-spouse,Exec-managerial,Not-in-family,Black,Male,0,0,18,United-States,<=50K
32,Private,932372,9th,6,Never-married,Farming-fishing,Husband,Other,Female,0,0,62,United-States,<=50K
68,Self-emp,106441,HS-grad,7,Married-civ-spouse,Farming-fishing,Unmarried,White,Female,0,0,70,United-States,<=50K
44,Private,145032,1st-4th,15,Divorced,Prof-specialty,Own-child,White,Male,0,0,63,United-States,<=50K
78,Private,991457,HS-grad,1,Divorced,Craft-repair,Husband,White,Male,0,0,46,United-States,<=50K
75,Government,531272,Prof-school,14,Married-civ-spouse,Machine-op-inspct,Own-child,White,Male,0,0,74,United-States,>50K
48,Private,937448,Assoc-acdm,7,Never-married,Adm-clerical,Not-in-family,White,Female,60191,0,51,United-States,<=50K
29,Government,995545,Masters,4,Never-married,Other-service,Own-child,White,Female,0,0,58,United-States,>50K
63,Private,719608,Assoc-voc,5,Married-civ-spouse,Protective-serv,Husband,White,Female,0,793,13,United-States,<=50K
48,Self-emp,426975,Assoc-acdm,8,Married-civ-spouse,Prof-specialty,Wife,White,Male,0,0,73,United-States,<=50K
49,Private,421337,Assoc-voc,4,Married-civ-spouse,Prof-specialty,Wife,White,Female,55410,0,88,Canada,<=50K
49,Private,186201,7th-8th,15,Never-married,Craft-repair,Own-child,White,Male,14510,0,60,United-States,>50K
70,Government,386291,HS-grad,4,Married-civ-spouse,Farming-fishing,Unmarried,White,Male,0,0,81,United-States,<=50K
78,Private,387940,12th,8,Married-civ-spouse,Machine-op-inspct,Husband,White,Male,0,0,69,United-States,<=50K
63,Self-emp,356743,5th-6th,15,Married-civ-spouse,Exec-managerial,Other-relative,White,Male,0,0,96,United-States,>50K
24,Self-emp,977693,Bachelors,5,Married-civ-spouse,Transport-moving,Wife,White,Male,0,0,88,United-States,<=50K
21,Self-emp,959063,5th-6th,13,Never-married,Transport-moving,Not-in-family,White,Male,0,0,40,United-States,>50K
69,Government,146832,7th-8th,6,Never-married,Machine-op-inspct,Husband,White,Female,0,0,81,Germany,>50K
48,Private,641695,Assoc-voc,12,Divorced,Armed-Forces,Husband,White,Male,0,0,67,United-States,>50K
53,Private,219689,HS-grad,11,Never-married,Protective-serv,Wife,White,Male,0,0,91,Other,>50K
71,Private,388928,12th,14,Divorced,Armed-Forces,Other-relative,White,Male,0,0,13,United-States,<=50K
71,Private,779449,9th,5,Married-civ-spouse,Machine-op-inspct,Not-in-family,White,Male,0,0,31,United-States,>50K
34,Private,922325,1st-4th,1,Married-civ-spouse,Priv-house-serv,Other-relative,White,Male,0,0,12,United-States,<=50K
47,Private,305270,Assoc-voc,7,Married-civ-spouse,Other-service,Not-in-family,White,Male,0,0,88,United-States,>50K
39,Private,40961,1st-4th,6,Never-married,Exec-managerial,Wife,White,Male,0,0,56,United-States,>50K
60,Private,245329,Some-college,2,Never-married,Handlers-cleaners,Husband,White,Male,0,0,47,United-States,<=50K
44,Private,437060,Bachelors,11,Married-civ-spouse,Exec-managerial,Not-in-family,White,Male,0,0,42,United-States,<=50K
54,Self-emp,810520,7th-8th,7,Married-civ-spouse,Prof-specialty,Husband,White,Male,0,0,87,Other,>50K
63,Private,148308,Assoc-voc,6,Married-civ-spouse,Craft-repair,Own-child,White,Male,0,0,57,United-States,<=50K
52,Private,900407,Doctorate,5,Never-married,Machine-op-inspct,Own-child,White,Female,0,0,74,United-States,<=50K
21,Government,589255,12th,8,Never-married,Exec-managerial,Wife,White,Male,0,0,35,United-States,<=50K
43,Private,621972,Bachelors,5,Married-civ-spouse,Prof-specialty,Wife,White,Male,0,0,17,United-States,>50K
36,Without-pay,790343,10th,11,Never-married,Tech-support,Unmarried,White,Male,0,0,59,United-States,>50K
62,Private,637566,HS-grad,2,Never-married,Farming-fishing,Wife,White,Male,0,0,89,United-States,>50K
43,Private,767191,5th-6th,6,Married-civ-spouse,Craft-repair,Own-child,White,Male,37398,0,47,United-States,>50K
39,Private,847886,Prof-school,14,Married-civ-spouse,Transport-moving,Not-in-family,White,Male,0,0,19,United-States,<=50K
75,Self-emp,972564,Prof-school,12,Never-married,Sales,Other-relative,White,Male,0,0,51,United-States,<=50K
80,Private,707924,Doctorate,1,Married-civ-spouse,Transport-moving,Wife,White,Male,0,0,46,United-States,<=50K
45,Government,43843,Doctorate,5,Married-civ-spouse,Adm-clerical,Other-relative,White,Male,0,0,35,United-States,>50K
82,Private,161504,Doctorate,14,Married-civ-spouse,Prof-specialty,Other-relative,Black,Female,0,0,21,United-States,>50K
61,Private,485464,Prof-school,6,Divorced,Machine-op-inspct,Own-child,White,Female,0,0,93,United-States,<=50K
60,Private,24433,Masters,15,Never-married,Craft-repair,Unmarried,White,Female,0,0,58,United-States,<=50K
54,Private,693168,Preschool,7,Divorced,Farming-fishing,Not-in-family,White,Female,62356,0,23,United-States,<=50K
83,Private,308389,11th,14,Married-civ-spouse,Exec-managerial,Own-child,White,Male,0,0,55,United-States,>50K
34,Government,92922,Prof-school,2,Married-civ-spouse,Priv-house-serv,Wife,White,Male,0,0,44,United-States,>50K
57,Private,465438,HS-grad,1,Divorced,Priv-house-serv,Own-child,White,Male,0,0,38,United-States,<=50K
55,Private,231760,5th-6th,6,Married-civ-spouse,Protective-serv,Own-child,White,Male,0,0,21,India,<=50K
78,Private,952406,Prof-school,3,Divorced,Tech-support,Own-child,Black,Female,0,1992,91,United-States,<=50K
26,Government,501414,Assoc-voc,5,Married-civ-spouse,Sales,Wife,White,Male,0,0,53,United-States,>50K
78,Without-pay,655362,Prof-school,12,Never-married,Farming-fishing,Wife,White,Female,0,0,75,United-States,<=50K
33,Self-emp,920839,Doctorate,15,Never-married,Tech-support,Own-child,Black,Male,0,0,11,United-States,>50K
19,Government,24702,5th-6th,11,Never-married,Transport-moving,Own-child,White,Female,0,0,68,United-States,>50K
89,Self-emp,635413,Doctorate,13,Married-civ-spouse,Transport-moving,Other-relative,Black,Male,0,0,26,United-States,>50K
60,Government,205283,Doctorate,15,Never-married,Adm-clerical,Not-in-family,White,Male,0,0,19,United-States,<=50K
59,Self-emp,578473,9th,2,Married-civ-spouse,Craft-repair,Other-relative,White,Male,4061,0,27,United-States,>50K
74,Private,102393,9th,15,Never-married,Handlers-cleaners,Unmarried,White,Male,0,0,31,United-States,>50K
84,Private,186779,11th,1,Married-civ-spouse,Other-service,Not-in-family,White,Male,0,0,92,Other,<=50K
47,Private,487516,Prof-school,1,Never-married,Armed-Forces,Unmarried,Black,Male,0,0,67,United-States,<=50K
30,Private,608510,1st-4th,13,Married-civ-spouse,Craft-repair,Not-in-family,White,Female,0,0,62,United-States,>50K
36,Private,134018,HS-grad,11,Never-married,Protective-serv,Own-child,White,Male,0,0,10,United-States,>50K
24,Private,798848,Doctorate,4,Never-married,Sales,Other-relative,White,Male,0,0,97,United-States,<=50K
26,Government,920668,Doctorate,10,Married-civ-spouse,Handlers-cleaners,Not-in-family,White,Male,0,0,70,United-States,<=50K
71,Private,363409,Prof-school,13,Never-married,Handlers-cleaners,Unmarried,White,Female,0,0,98,United-States,<=50K
78,Self-emp,960175,9th,2,Married-civ-spouse,Adm-clerical,Not-in-family,White,Male,0,0,40,India,>50K
19,Self-emp,914369,HS-grad,1,Separated,Priv-house-serv,Wife,White,Male,0,0,40,Other,>50K
67,Government,470894,Prof-school,6,Never-married,Protective-serv,Not-in-family,White,Male,0,0,75,United-States,>50K
48,Government,488524,Preschool,14,Widowed,Other-service,Own-child,White,Male,0,0,28,United-States,>50K
50,Self-emp,795290,Assoc-voc,4,Married-civ-spouse,Handlers-cleaners,Husband,White,Female,5006,0,62,United-States,>50K
28,Private,527220,11th,10,Married-civ-spouse,Prof-specialty,Wife,White,Male,0,0,85,United-States,>50K
50,Private,130003,10th,13,Never-married,Farming-fishing,Husband,White,Male,0,0,83,United-States,>50K
24,Private,773898,Assoc-acdm,12,Separated,Handlers-cleaners,Own-child,White,Female,0,0,31,United-States,<=50K
48,Self-emp,534495,7th-8th,15,Married-civ-spouse,Handlers-cleaners,Husband,White,Male,0,0,32,United-States,<=50K
65,Government,348526,Masters,7,Married-civ-spouse,Farming-fishing,Not-in-family,White,Male,0,0,96,United-States,<=50K
64,Self-emp,641256,HS-grad,11,Married-civ-spouse,Exec-managerial,Husband,White,Male,0,0,24,United-States,<=50K
70,Private,716150,HS-grad,6,Never-married,Adm-clerical,Other-relative,White,Female,0,982,35,United-States,>50K
36,Private,293655,Assoc-acdm,5,Never-married,Handlers-cleaners,Own-child,White,Male,0,0,12,United-States,>50K
23,Private,952215,Assoc-acdm,10,Married-civ-spouse,Handlers-cleaners,Other-relative,White,Female,0,0,96,India,>50K
66,Private,926065,11th,12,Married-civ-spouse,Priv-house-serv,Husband,White,Male,0,0,29,United-States,<=50K
67,Private,713374,Doctorate,13,Divorced,Armed-Forces,Other-relative,White,Male,0,0,49,United-States,>50K
29,Private,899092,Bachelors,12,Married-civ-spouse,Other-service,Wife,White,Male,0,0,48,United-States,>50K
40,Self-emp,953250,11th,12,Never-married,Tech-support,Husband,Black,Female,0,0,81,United-States,>50K
71,Private,264409,9th,12,Married-civ-spouse,Armed-Forces,Unmarried,White,Male,0,0,27,United-States,<=50K
86,Private,671384,9th,2,Never-married,Armed-Forces,Other-relative,White,Female,0,0,50,United-States,<=50K
76,Government,695752,Preschool,5,Never-married,Exec-managerial,Not-in-family,Black,Female,0,0,79,United-States,<=50K
53,Private,115909,Assoc-acdm,9,Divorced,Machine-op-inspct,Husband,White,Male,0,0,36,United-States,>50K
20,Private,447747,Assoc-voc,9,Married-civ-spouse,Exec-managerial,Unmarried,White,Male,14985,0,24,Philippines,>50K
75,Private,819191,Some-college,2,Never-married,Farming-fishing,Wife,White,Male,0,0,46,United-States,>50K
72,Private,364404,7th-8th,7,Married-civ-spouse,Other-service,Not-in-family,White,Male,0,0,67,Mexico,>50K
74,Private,71586,11th,10,Never-married,Adm-clerical,Husband,Black,Female,0,0,14,Canada,<=50K
34,Private,973276,Some-college,14,Married-civ-spouse,Craft-repair,Not-in-family,Other,Female,0,0,82,United-States,<=50K
56,Private,248074,Preschool,4,Never-married,Other-service,Husband,White,Male,0,0,16,India,>50K
85,Private,414013,Preschool,13,Married-civ-spouse,Priv-house-serv,Husband,White,Male,0,0,50,United-States,<=50K
72,Private,262007,Prof-school,13,Married-civ-spouse,Sales,Own-child,Black,Female,0,0,93,United-States,>50K
62,Government,69727,Bachelors,3,Married-civ-spouse,Farming-fishing,Other-relative,White,Male,0,2787,19,United-States,<=50K
18,Private,624845,Prof-school,11,Separated,Tech-support,Husband,White,Female,0,0,71,Other,<=50K
38,Government,897517,Preschool,1,Widowed,Transport-moving,Wife,Black,Male,0,0,35,United-States,<=50K
38,Private,239819,12th,3,Married-civ-spouse,Sales,Unmarried,White,Male,0,0,77,United-States,<=50K
69,Private,714629,HS-grad,11,Married-civ-spouse,Sales,Other-relative,White,Male,0,0,33,United-States,>50K
60,Self-emp,838932,Preschool,9,Married-civ-spouse,Adm-clerical,Own-child,White,Male,0,0,87,Canada,>50K
69,Private,793264,1st-4th,14,Married-civ-spouse,Machine-op-inspct,Other-relative,Black,Male,0,0,50,United-States,>50K
84,Private,119266,Assoc-acdm,15,Never-married,Craft-repair,Other-relative,White,Male,0,0,74,United-States,>50K
61,Private,239942,1st-4th,9,Married-civ-spouse,Protective-serv,Husband,White,Male,0,0,26,United-States,>50K
49,Private,816418,Prof-school,7,Never-married,Handlers-cleaners,Wife,White,Female,0,0,33,United-States,<=50K
27,Self-emp,159392,7th-8th,3,Never-married,Prof-specialty,Husband,White,Female,0,0,36,United-States,>50K
81,Government,964455,Prof-school,13,Divorced,Handlers-cleaners,Wife,White,Male,0,0,16,United-States,>50K
86,Private,312838,10th,3,Never-married,Transport-moving,Wife,White,Male,0,0,82,United-States,<=50K
85,Private,707972,9th,4,Married-civ-spouse,Sales,Not-in-family,White,Male,0,346,21,United-States,<=50K
45,Private,456939,Preschool,7,Married-civ-spouse,Armed-Forces,Husband,White,Male,2775,0,94,United-States,<=50K
70,Without-pay,966073,1st-4th,7,Never-married,Armed-Forces,Own-child,Asian-Pac-Islander,Male,0,0,12,United-States,>50K
68,Self-emp,384244,10th,12,Married-civ-spouse,Exec-managerial,Unmarried,White,Male,0,0,88,United-States,>50K
70,Government,484773,Some-college,12,Married-civ-spouse,Prof-specialty,Other-relative,Black,Male,0,0,94,United-States,>50K
21,Private,718902,11th,14,Never-married,Adm-clerical,Not-in-family,White,Male,0,0,19,United-States,>50K
34,Self-emp,424415,11th,2,Never-married,Craft-repair,Own-child,White,Male,0,0,42,United-States,<=50K
84,Private,343180,11th,12,Married-civ-spouse,Transport-moving,Unmarried,White,Male,0,0,55,United-States,>50K
64,Private,301810,Assoc-acdm,15,Never-married,Adm-clerical,Unmarried,White,Female,0,0,68,United-States,>50K
73,Government,146474,Preschool,5,Married-civ-spouse,Farming-fishing,Husband,Asian-Pac-Islander,Male,0,0,61,United-States,<=50K
40,Private,229979,Assoc-voc,7,Separated,Tech-support,Wife,White,Female,0,0,15,United-States,>50K
35,Government,571837,Assoc-voc,7,Married-civ-spouse,Sales,Husband,White,Male,0,0,11,United-States,<=50K
18,Private,680875,1st-4th,6,Never-married,Priv-house-serv,Unmarried,White,Male,0,0,38,United-States,>50K
52,Self-emp,748483,Assoc-voc,10,Never-married,Exec-managerial,Husband,White,Female,0,0,49,Germany,<=50K
81,Private,924342,1st-4th,10,Divorced,Adm-clerical,Not-in-family,White,Female,0,1898,70,United-States,<=50K
75,Private,643721,11th,12,Never-married,Prof-specialty,Own-child,White,Female,0,0,77,United-States,>50K
76,Private,213665,Preschool,8,Separated,Sales,Unmarried,White,Male,0,0,77,United-States,>50K
18,Private,205670,Bachelors,3,Never-married,Craft-repair,Not-in-family,White,Male,0,0,38,United-States,>50K
20,Private,264357,Assoc-acdm,15,Married-civ-spouse,Exec-managerial,Own-child,White,Female,0,0,71,United-States,>50K
84,Private,284243,11th,1,Divorced,Machine-op-inspct,Not-in-family,White,Male,0,0,69,United-States,<=50K
54,Private,648447,Preschool,3,Never-married,Machine-op-inspct,Other-relative,White,Male,0,0,93,United-States,<=50K
46,Private,908314,10th,11,Married-civ-spouse,Prof-specialty,Wife,White,Male,6318,0,50,United-States,<=50K
50,Private,556385,Preschool,2,Never-married,Transport-moving,Wife,White,Male,0,0,96,United-States,<=50K
78,Private,605007,5th-6th,2,Divorced,Tech-support,Wife,White,Female,0,0,91,United-States,<=50K
21,Self-emp,456582,11th,14,Married-civ-spouse,Machine-op-inspct,Other-relative,White,Male,31544,0,98,United-States,>50K
31,Government,423679,5th-6th,14,Married-civ-spouse,Sales,Unmarried,White,Male,0,0,74,Philippines,>50K
50,Private,59094,11th,2,Separated,Armed-Forces,Unmarried,Black,Male,0,0,73,United-States,>50K
39,Private,893028,5th-6th,5,Divorced,Craft-repair,Other-relative,White,Male,0,0,88,United-States,>50K
65,Self-emp,26696,7th-8th,13,Married-civ-spouse,Tech-support,Wife,White,Male,0,0,72,United-States,>50K
20,Private,804786,1st-4th,1,Never-married,Handlers-cleaners,Wife,Black,Male,0,0,57,Mexico,>50K
40,Private,421128,Preschool,10,Divorced,Craft-repair,Own-child,White,Male,0,0,29,United-States,<=50K
85,Private,710708,5th-6th,4,Never-married,Protective-serv,Own-child,White,Female,0,0,46,United-States,>50K
38,Private,235969,HS-grad,14,Married-civ-spouse,Sales,Husband,Asian-Pac-Islander,Male,56578,0,73,United-States,>50K
60,Private,294024,Prof-school,10,Never-married,Sales,Not-in-family,White,Male,0,0,95,United-States,<=50K
43,Private,642349,11th,5,Divorced,Protective-serv,Own-child,White,Female,6033,1370,14,United-States,<=50K
58,Private,353440,12th,2,Never-married,Farming-fishing,Own-child,White,Male,0,0,43,United-States,<=50K
55,Private,80304,10th,5,Married-civ-spouse,Tech-support,Own-child,White,Male,0,0,48,United-States,<=50K
28,Private,558239,5th-6th,10,Married-civ-spouse,Craft-repair,Own-child,White,Male,0,0,76,United-States,>50K
46,Private,698526,1st-4th,15,Married-civ-spouse,Tech-support,Other-relative,White,Male,0,0,90,United-States,<=50K
77,Private,909980,Bachelors,4,Separated,Prof-specialty,Husband,White,Male,0,0,71,Other,<=50K
84,Private,196854,5th-6th,8,Married-civ-spouse,Protective-serv,Own-child,White,Female,0,0,97,United-States,<=50K
82,Government,464146,1st-4th,1,Never-married,Other-service,Unmarried,Black,Male,0,0,33,United-States,<=50K
78,Private,682791,HS-grad,15,Married-civ-spouse,Tech-support,Not-in-family,White,Male,0,0,12,United-States,>50K
36,Private,814758,5th-6th,12,Married-civ-spouse,Priv-house-serv,Own-child,Black,Female,4043,0,80,United-States,<=50K
63,Private,693066,Bachelors,5,Married-civ-spouse,Machine-op-inspct,Other-relative,Black,Male,0,2363,98,United-States,<=50K
66,Private,305151,Masters,14,Never-married,Armed-Forces,Unmarried,White,Male,0,0,76,United-States,>50K
39,Private,757830,Masters,14,Never-married,Priv-house-serv,Wife,White,Male,0,0,88,United-States,<=50K
74,Private,49232,Assoc-voc,11,Separated,Armed-Forces,Wife,White,Female,0,0,59,United-States,<=50K
31,Self-emp,43439,Assoc-voc,12,Never-married,Sales,Husband,Asian-Pac-Islander,Male,0,0,38,United-States,>50K
61,Private,500976,5th-6th,10,Married-civ-spouse,Farming-fishing,Wife,White,Female,0,0,83,United-States,<=50K
33,Self-emp,848203,HS-grad,1,Never-married,Handlers-cleaners,Own-child,White,Male,0,0,41,United-States,<=50K
29,Private,427519,5th-6th,10,Married-civ-spouse,Farming-fishing,Other-relative,White,Male,0,0,96,United-States,>50K
72,Without-pay,45229,Prof-school,10,Never-married,Craft-repair,Husband,White,Male,0,0,48,United-States,>50K
68,Self-emp,758865,12th,4,Married-civ-spouse,Prof-specialty,Unmarried,White,Male,0,0,18,United-States,<=50K
56,Government,460961,Assoc-voc,8,Never-married,Prof-specialty,Own-child,White,Female,0,0,23,United-States,>50K
50,Private,323402,10th,1,Married-civ-spouse,Handlers-cleaners,Wife,White,Male,0,0,77,United-States,<=50K
50,Private,292676,Assoc-acdm,11,Married-civ-spouse,Priv-house-serv,Not-in-family,White,Male,72040,0,73,United-States,>50K
46,Self-emp,764751,10th,15,Married-civ-spouse,Tech-support,Own-child,Black,Female,0,0,29,United-States,>50K
86,Government,344456,HS-grad,2,Married-civ-spouse,Armed-Forces,Not-in-family,White,Female,0,0,37,United-States,<=50K
87,Government,674694,HS-grad,1,Married-civ-spouse,Priv-house-serv,Unmarried,Asian-Pac-Islander,Male,0,0,23,United-States,<=50K
48,Private,915501,Some-college,11,Never-married,Tech-support,Not-in-family,White,Male,0,0,53,United-States,>50K
48,Self-emp,134945,12th,7,Never-married,Craft-repair,Unmarried,White,Male,0,0,86,United-States,<=50K
63,Private,703252,Some-college,2,Married-civ-spouse,Armed-Forces,Husband,White,Female,0,0,48,India,<=50K
69,Private,38484,1st-4th,1,Married-civ-spouse,Transport-moving,Other-relative,White,Female,0,0,37,United-States,<=50K
27,Private,525463,HS-grad,15,Married-civ-spouse,Craft-repair,Wife,Asian-Pac-Islander,Male,0,0,73,United-States,>50K
58,Private,563119,Prof-school,12,Never-married,Exec-managerial,Wife,White,Female,0,0,98,United-States,>50K
20,Government,775815,HS-grad,6,Married-civ-spouse,Tech-support,Own-child,Black,Male,0,0,41,United-States,>50K
76,Private,518045,Doctorate,6,Divorced,Transport-moving,Wife,White,Male,0,2510,18,United-States,>50K
69,Private,780444,11th,10,Married-civ-spouse,Craft-repair,Husband,White,Male,0,0,37,United-States,>50K
51,Private,528723,Masters,2,Divorced,Prof-specialty,Wife,White,Female,0,0,26,United-States,<=50K
66,Private,164737,Some-college,15,Married-civ-spouse,Other-service,Own-child,White,Male,0,0,96,United-States,>50K
45,Private,301349,HS-grad,1,Married-civ-spouse,Sales,Wife,White,Female,0,0,86,United-States,<=50K
30,Private,781603,Doctorate,14,Married-civ-spouse,Tech-support,Other-relative,Black,Female,0,0,64,United-States,>50K
86,Private,869022,Preschool,10,Married-civ-spouse,Exec-managerial,Unmarried,White,Female,0,0,19,United-States,>50K
84,Self-emp,708828,Masters,3,Married-civ-spouse,Sales,Not-in-family,White,Male,0,0,89,United-States,>50K
78,Government,138609,Prof-school,10,Never-married,Machine-op-inspct,Not-in-family,White,Male,0,0,15,United-States,>50K
77,Private,796024,Preschool,14,Married-civ-spouse,Other-service,Unmarried,White,Male,0,0,57,United-States,<=50K
88,Private,989229,Bachelors,5,Married-civ-spouse,Farming-fishing,Not-in-family,White,Male,0,2925,84,United-States,<=50K
41,Private,469780,5th-6th,6,Married-civ-spouse,Tech-support,Other-relative,White,Male,0,0,76,United-States,<=50K
80,Self-emp,937872,10th,3,Never-married,Armed-Forces,Husband,White,Female,0,0,50,United-States,<=50K
78,Private,293579,Bachelors,9,Never-married,Protective-serv,Own-child,White,Male,0,0,88,United-States,<=50K
40,Private,747950,Assoc-acdm,11,Never-married,Farming-fishing,Other-relative,White,Male,0,0,69,United-States,>50K
47,Private,648714,Prof-school,5,Married-civ-spouse,Exec-managerial,Own-child,White,Male,0,0,86,United-States,>50K
77,Government,440578,Masters,13,Married-civ-spouse,Armed-Forces,Husband,White,Male,0,0,51,United-States,<=50K
35,Private,221219,HS-grad,2,Married-civ-spouse,Tech-support,Other-relative,White,Male,0,0,90,United-States,>50K
73,Private,416610,Bachelors,10,Divorced,Transport-moving,Wife,White,Male,0,0,80,United-States,<=50K
70,Government,634447,1st-4th,6,Divorced,Exec-managerial,Husband,White,Female,0,0,37,United-States,<=50K
24,Private,400261,Doctorate,12,Never-married,Adm-clerical,Not-in-family,White,Male,0,0,22,United-States,>50K
86,Self-emp,648911,Assoc-voc,8,Never-married,Exec-managerial,Other-relative,White,Female,0,0,90,United-States,<=50K
89,Private,630572,5th-6th,11,Married-civ-spouse,Craft-repair,Husband,White,Female,0,0,24,United-States,>50K
69,Government,390261,HS-grad,6,Married-civ-spouse,Protective-serv,Husband,White,Male,0,0,45,United-States,>50K
21,Private,975257,11th,4,Married-civ-spouse,Craft-repair,Other-relative,White,Female,0,0,24,United-States,<=50K
51,Government,850860,Doctorate,6,Married-civ-spouse,Farming-fishing,Not-in-family,White,Male,0,0,84,Philippines,<=50K
86,Private,708398,Preschool,8,Separated,Adm-clerical,Unmarried,White,Female,0,0,65,United-States,>50K
50,Self-emp,983642,Assoc-voc,8,Married-civ-spouse,Priv-house-serv,Not-in-family,White,Male,0,0,13,United-States,<=50K
86,Private,495334,Some-college,13,Separated,Armed-Forces,Husband,Black,Female,0,0,61,United-States,<=50K
55,Private,744493,12th,10,Divorced,Exec-managerial,Own-child,White,Female,0,0,19,United-States,>50K
43,Self-emp,19880,Bachelors,2,Married-civ-spouse,Transport-moving,Unmarried,White,Female,0,0,54,United-States,<=50K
18,Private,424031,Masters,8,Married-civ-spouse,Machine-op-inspct,Unmarried,White,Female,0,0,93,United-States,<=50K
21,Private,884808,HS-grad,6,Never-married,Farming-fishing,Husband,Black,Male,0,0,38,United-States,<=50K
56,Private,219494,10th,2,Married-civ-spouse,Sales,Other-relative,White,Male,0,0,62,United-States,>50K
71,Self-emp,977802,9th,1,Married-civ-spouse,Craft-repair,Other-relative,Asian-Pac-Islander,Male,0,0,38,United-States,<=50K
50,Private,480718,10th,6,Married-civ-spouse,Sales,Other-relative,White,Male,0,0,32,United-States,<=50K
50,Self-emp,428656,Assoc-acdm,13,Married-civ-spouse,Priv-house-serv,Not-in-family,White,Female,0,0,66,United-States,<=50K
89,Private,671874,7th-8th,7,Divorced,Transport-moving,Wife,White,Male,0,0,59,United-States,>50K
37,Private,309812,Bachelors,14,Married-civ-spouse,Sales,Other-relative,White,Female,0,0,30,United-States,>50K
33,Private,841801,Bachelors,14,Never-married,Transport-moving,Other-relative,Black,Male,0,0,52,India,>50K
38,Private,583467,Masters,10,Never-married,Adm-clerical,Unmarried,White,Female,0,0,19,United-States,<=50K
62,Private,795562,Prof-school,5,Married-civ-spouse,Farming-fishing,Own-child,White,Male,0,1044,85,United-States,>50K
79,Private,844501,Assoc-acdm,14,Never-married,Transport-moving,Own-child,White,Female,0,0,39,United-States,<=50K
48,Private,736245,9th,10,Married-civ-spouse,Prof-specialty,Husband,White,Female,0,0,60,United-States,>50K
59,Without-pay,795956,11th,8,Never-married,Farming-fishing,Husband,White,Male,54312,0,42,United-States,<=50K
29,Private,862997,Assoc-acdm,11,Married-civ-spouse,Prof-specialty,Husband,White,Male,0,0,27,United-States,>50K
82,Private,999656,11th,13,Married-civ-spouse,Exec-managerial,Other-relative,Asian-Pac-Islander,Female,0,0,87,United-States,>50K
20,Private,306908,Preschool,12,Married-civ-spouse,Prof-specialty,Own-child,White,Male,0,0,31,United-States,>50K
26,Private,453709,9th,9,Never-married,Tech-support,Husband,White,Male,0,0,73,United-States,<=50K
68,Private,429040,1st-4th,4,Married-civ-spouse,Protective-serv,Own-child,White,Male,0,0,30,United-States,<=50K
33,Private,729904,Masters,7,Married-civ-spouse,Exec-managerial,Other-relative,White,Male,0,0,10,Mexico,<=50K
20,Self-emp,757608,Masters,8,Married-civ-spouse,Priv-house-serv,Unmarried,White,Male,0,0,24,United-States,>50K
41,Private,320605,Preschool,13,Married-civ-spouse,Prof-specialty,Other-relative,Black,Male,0,0,45,United-States,>50K
30,Private,421687,HS-grad,6,Never-married,Machine-op-inspct,Husband,White,Male,0,0,56,United-States,<=50K
19,Private,428472,Some-college,2,Divorced,Sales,Other-relative,White,Male,0,0,63,United-States,>50K
88,Private,567430,1st-4th,7,Never-married,Armed-Forces,Other-relative,White,Female,0,0,95,United-States,>50K
38,Private,54329,7th-8th,13,Married-civ-spouse,Exec-managerial,Own-child,Amer-Indian-Eskimo,Male,0,0,41,United-States,>50K
36,Private,668405,5th-6th,9,Married-civ-spouse,Sales,Wife,White,Female,0,0,67,United-States,<=50K
64,Private,680088,12th,5,Never-married,Handlers-cleaners,Not-in-family,White,Male,0,0,55,United-States,<=50K
39,Private,564001,5th-6th,15,Never-married,Farming-fishing,Husband,White,Male,0,0,63,United-States,>50K
50,Self-emp,89374,Preschool,2,Married-civ-spouse,Prof-specialty,Wife,White,Male,52670,0,42,United-States,>50K
49,Private,556947,10th,4,Divorced,Armed-Forces,Unmarried,White,Male,0,0,48,United-States,>50K
81,Private,245325,9th,3,Never-married,Sales,Husband,White,Male,0,0,32,United-States,>50K
56,Private,409568,5th-6th,4,Married-civ-spouse,Prof-specialty,Wife,White,Male,0,0,52,Other,<=50K
89,Private,529135,Assoc-acdm,10,Never-married,Protective-serv,Other-relative,White,Male,0,0,64,United-States,<=50K
59,Private,360710,11th,7,Married-civ-spouse,Sales,Husband,White,Male,0,0,11,Philippines,>50K
26,Private,632870,Some-college,10,Separated,Priv-house-serv,Wife,White,Male,98619,1944,75,United-States,<=50K
42,Self-emp,994445,10th,8,Divorced,Machine-op-inspct,Not-in-family,White,Male,0,0,47,India,<=50K
19,Private,576035,HS-grad,1,Married-civ-spouse,Transport-moving,Other-relative,White,Male,0,173,38,United-States,<=50K
36,Private,213758,HS-grad,13,Married-civ-spouse,Other-service,Husband,White,Female,0,0,76,United-States,>50K
37,Private,826055,Bachelors,8,Separated,Machine-op-inspct,Unmarried,White,Male,3862,0,80,United-States,>50K
87,Private,27716,5th-6th,5,Never-married,Protective-serv,Unmarried,White,Male,0,0,45,United-States,>50K
34,Private,738961,7th-8th,12,Married-civ-spouse,Craft-repair,Husband,White,Female,18487,0,38,United-States,<=50K
85,Private,940068,Preschool,7,Divorced,Prof-specialty,Wife,White,Male,0,0,46,United-States,>50K
20,Private,553819,12th,11,Divorced,Machine-op-inspct,Husband,Other,Female,0,0,96,United-States,<=50K
68,Private,790585,9th,11,Married-civ-spouse,Tech-support,Other-relative,White,Female,24130,0,54,United-States,<=50K
43,Private,575048,Assoc-voc,1,Married-civ-spouse,Prof-specialty,Own-child,Black,Male,0,0,25,United-States,<=50K
73,Government,13449,Assoc-acdm,2,Divorced,Adm-clerical,Unmarried,White,Male,0,0,40,United-States,>50K
81,Private,895168,11th,1,Married-civ-spouse,Protective-serv,Wife,White,Male,0,0,43,United-States,<=50K
25,Private,788074,HS-grad,5,Married-civ-spouse,Farming-fishing,Not-in-family,White,Male,0,0,59,United-States,<=50K
54,Self-emp,305921,Preschool,14,Never-married,Farming-fishing,Husband,White,Male,0,2312,74,United-States,<=50K
44,Self-emp,17279,Some-college,14,Divorced,Craft-repair,Other-relative,White,Female,0,0,91,United-States,>50K
62,Government,972313,Assoc-voc,6,Married-civ-spouse,Transport-moving,Husband,White,Male,0,0,71,United-States,>50K
21,Private,15191,Some-college,10,Married-civ-spouse,Protective-serv,Not-in-family,Black,Male,0,0,52,United-States,<=50K
54,Government,870476,Doctorate,9,Divorced,Tech-support,Other-relative,White,Female,0,0,65,United-States,<=50K
88,Private,779044,5th-6th,8,Never-married,Craft-repair,Not-in-family,White,Female,0,0,24,United-States,>50K
50,Private,277451,12th,7,Never-married,Exec-managerial,Other-relative,White,Male,0,578,57,United-States,<=50K
48,Private,669576,Bachelors,12,Married-civ-spouse,Prof-specialty,Own-child,White,Male,0,0,58,United-States,>50K
72,Self-emp,470117,Assoc-acdm,5,Divorced,Tech-support,Unmarried,White,Male,0,0,90,United-States,>50K
29,Private,901532,HS-grad,14,Never-married,Handlers-cleaners,Other-relative,White,Male,0,0,53,United-States,>50K
28,Private,464959,5th-6th,15,Married-civ-spouse,Transport-moving,Not-in-family,Black,Male,0,0,19,United-States,<=50K
89,Private,936631,9th,3,Married-civ-spouse,Sales,Wife,White,Male,0,0,29,United-States,>50K
49,Private,619726,Bachelors,9,Never-married,Adm-clerical,Unmarried,White,Female,0,2961,79,United-States,>50K
74,Government,120283,7th-8th,13,Married-civ-spouse,Prof-specialty,Own-child,White,Male,0,0,17,United-States,<=50K
55,Private,963040,Assoc-acdm,5,Married-civ-spouse,Adm-clerical,Husband,White,Male,0,0,54,United-States,<=50K
77,Private,796927,Preschool,3,Married-civ-spouse,Tech-support,Own-child,White,Male,0,0,43,United-States,>50K
36,Self-emp,79128,Doctorate,3,Married-civ-spouse,Sales,Own-child,White,Male,0,0,60,United-States,>50K
73,Private,864200,Some-college,3,Married-civ-spouse,Craft-repair,Husband,White,Female,0,0,13,United-States,>50K
31,Private,988866,9th,14,Married-civ-spouse,Prof-specialty,Other-relative,White,Female,0,0,48,United-States,<=50K
50,Self-emp,50816,Prof-school,6,Never-married,Sales,Own-child,White,Female,0,0,93,United-States,>50K
27,Government,946823,Prof-school,1,Divorced,Adm-clerical,Unmarried,Other,Male,0,0,33,United-States,>50K
81,Government,729655,Prof-school,11,Divorced,Armed-Forces,Own-child,White,Male,0,0,97,United-States,>50K
81,Private,352347,Assoc-voc,4,Married-civ-spouse,Other-service,Wife,White,Male,0,0,64,United-States,<=50K
79,Private,547288,Assoc-voc,13,Never-married,Tech-support,Unmarried,White,Male,0,0,35,United-States,<=50K
85,Private,147791,12th,8,Married-civ-spouse,Transport-moving,Wife,White,Male,0,0,34,United-States,>50K
60,Private,79981,Masters,3,Never-married,Protective-serv,Unmarried,White,Female,0,0,45,United-States,<=50K
76,Private,844373,Assoc-voc,5,Never-married,Transport-moving,Not-in-family,White,Male,0,0,80,United-States,>50K
69,Private,634959,1st-4th,2,Never-married,Tech-support,Husband,White,Male,43865,0,83,United-States,>50K
36,Government,479528,12th,15,Divorced,Priv-house-serv,Unmarried,White,Male,0,0,67,United-States,<=50K
38,Private,573611,Some-college,2,Never-married,Adm-clerical,Unmarried,White,Male,0,0,21,Other,<=50K
39,Private,748185,9th,11,Divorced,Adm-clerical,Other-relative,White,Male,0,0,10,United-States,<=50K
26,Private,722680,Bachelors,13,Married-civ-spouse,Exec-managerial,Other-relative,Black,Female,0,0,59,Philippines,<=50K
26,Private,676779,Preschool,7,Married-civ-spouse,Craft-repair,Not-in-family,Black,Female,0,0,34,United-States,<=50K
44,Government,214508,10th,10,Separated,Adm-clerical,Other-relative,White,Female,0,0,89,United-States,>50K
34,Private,560691,Doctorate,3,Married-civ-spouse,Protective-serv,Other-relative,White,Male,0,0,14,United-States,<=50K
61,Private,562586,Some-college,5,Never-married,Priv-house-serv,Wife,White,Male,0,0,92,United-States,>50K
62,Private,233764,Masters,3,Married-civ-spouse,Protective-serv,Other-relative,Other,Male,0,0,77,United-States,<=50K
25,Private,833797,Assoc-voc,6,Married-civ-spouse,Machine-op-inspct,Other-relative,White,Male,0,0,15,United-States,>50K
35,Private,886005,HS-grad,13,Never-married,Protective-serv,Not-in-family,Amer-Indian-Eskimo,Female,0,0,35,United-States,<=50K
50,Self-emp,449449,Masters,10,Married-civ-spouse,Transport-moving,Not-in-family,White,Male,0,0,64,United-States,>50K
18,Private,998049,12th,3,Never-married,Farming-fishing,Own-child,White,Male,0,0,48,India,>50K
23,Private,82771,12th,8,Never-married,Farming-fishing,Other-relative,White,Male,0,0,18,United-States,<=50K
58,Private,983864,7th-8th,2,Divorced,Prof-specialty,Other-relative,Other,Male,0,0,54,United-States,<=50K
72,Self-emp,858398,Masters,3,Divorced,Handlers-cleaners,Unmarried,Black,Female,0,0,23,United-States,<=50K
22,Self-emp,48056,7th-8th,8,Married-civ-spouse,Priv-house-serv,Other-relative,White,Male,0,2406,64,United-States,>50K
76,Private,329109,Doctorate,8,Married-civ-spouse,Prof-specialty,Wife,White,Male,0,0,18,United-States,>50K
35,Private,384762,11th,1,Married-civ-spouse,Exec-managerial,Unmarried,White,Male,87412,0,24,United-States,>50K
66,Government,507656,10th,8,Married-civ-spouse,Sales,Other-relative,White,Male,0,0,46,United-States,>50K
82,Self-emp,598525,Doctorate,10,Never-married,Handlers-cleaners,Wife,White,Female,0,0,59,United-States,>50K
71,Self-emp,152267,10th,2,Divorced,Sales,Own-child,White,Female,0,0,93,United-States,>50K
78,Self-emp,788351,11th,12,Never-married,Farming-fishing,Unmarried,White,Female,0,0,81,United-States,<=50K
25,Private,966878,7th-8th,7,Divorced,Farming-fishing,Husband,White,Female,0,0,30,United-States,<=50K
20,Private,859971,10th,6,Married-civ-spouse,Farming-fishing,Other-relative,White,Male,0,0,66,United-States,>50K
42,Government,691608,12th,2,Divorced,Adm-clerical,Unmarried,White,Female,0,0,28,United-States,<=50K
86,Government,192526,5th-6th,5,Never-married,Exec-managerial,Not-in-family,White,Male,0,0,67,United-States,>50K
72,Private,953730,1st-4th,7,Married-civ-spouse,Machine-op-inspct,Unmarried,White,Male,0,0,15,United-States,<=50K
57,Private,787373,9th,8,Never-married,Priv-house-serv,Not-in-family,White,Female,0,0,13,United-States,<=50K
67,Government,620603,Bachelors,3,Divorced,Protective-serv,Other-relative,White,Male,0,0,52,United-States,>50K
50,Private,86202,Assoc-acdm,1,Married-civ-spouse,Priv-house-serv,Wife,White,Female,0,0,51,United-States,<=50K
35,Government,882347,Assoc-voc,13,Divorced,Priv-house-serv,Not-in-family,White,Male,0,0,12,United-States,<=50K
74,Private,565997,Doctorate,7,Married-civ-spouse,Prof-specialty,Unmarried,White,Male,0,1382,10,United-States,>50K
33,Private,124439,Masters,13,Married-civ-spouse,Sales,Unmarried,White,Male,0,0,64,United-States,>50K
55,Private,446066,Doctorate,5,Never-married,Priv-house-serv,Not-in-family,White,Female,0,0,24,United-States,<=50K
58,Private,499570,9th,5,Never-married,Other-service,Own-child,Black,Male,0,0,56,United-States,>50K
24,Private,919432,1st-4th,7,Never-married,Transport-moving,Own-child,Black,Male,0,0,94,United-States,>50K
70,Private,836969,1st-4th,1,Never-married,Prof-specialty,Own-child,White,Male,0,0,55,United-States,<=50K
80,Self-emp,922413,Some-college,8,Never-married,Tech-support,Not-in-family,White,Male,0,0,67,United-States,<=50K
49,Without-pay,728818,Doctorate,12,Never-married,Craft-repair,Not-in-family,White,Male,0,0,80,United-States,<=50K
55,Private,40949,Bachelors,14,Married-civ-spouse,Handlers-cleaners,Unmarried,Asian-Pac-Islander,Female,44638,0,90,United-States,<=50K
39,Private,385434,HS-grad,10,Married-civ-spouse,Sales,Other-relative,White,Male,75789,0,92,United-States,>50K
33,Private,166925,Bachelors,15,Married-civ-spouse,Exec-managerial,Other-relative,White,Female,0,0,48,United-States,<=50K
69,Private,240803,Some-college,5,Divorced,Transport-moving,Wife,White,Male,0,0,12,India,<=50K
46,Private,949501,11th,8,Separated,Farming-fishing,Not-in-family,White,Male,0,2800,39,United-States,<=50K
33,Private,176942,HS-grad,10,Married-civ-spouse,Tech-support,Other-relative,White,Female,0,0,44,United-States,<=50K
34,Private,68529,Preschool,15,Never-married,Craft-repair,Other-relative,White,Male,0,0,66,United-States,<=50K
81,Private,335515,Preschool,10,Never-married,Sales,Own-child,White,Male,0,0,38,United-States,<=50K
30,Private,322751,1st-4th,5,Married-civ-spouse,Machine-op-inspct,Own-child,White,Male,0,0,59,United-States,>50K
89,Self-emp,461739,1st-4th,12,Married-civ-spouse,Farming-fishing,Own-child,White,Female,0,0,71,United-States,>50K
73,Private,699474,Assoc-acdm,7,Divorced,Sales,Husband,White,Female,0,0,61,United-States,<=50K
22,Government,969092,Preschool,10,Married-civ-spouse,Armed-Forces,Other-relative,Black,Male,0,0,23,Mexico,>50K
29,Government,322510,9th,3,Divorced,Other-service,Own-child,White,Male,0,0,44,United-States,>50K
58,Government,564159,7th-8th,2,Divorced,Other-service,Own-child,White,Male,0,300,37,United-States,<=50K
20,Government,470713,5th-6th,6,Divorced,Priv-house-serv,Not-in-family,White,Female,0,0,67,United-States,<=50K
50,Private,783043,HS-grad,5,Married-civ-spouse,Exec-managerial,Unmarried,White,Male,0,0,39,United-States,<=50K
67,Private,243988,Bachelors,9,Divorced,Other-service,Own-child,Asian-Pac-Islander,Male,65347,0,16,United-States,>50K
73,Private,858716,Doctorate,10,Married-civ-spouse,Machine-op-inspct,Not-in-family,White,Male,0,0,48,United-States,>50K
26,Self-emp,118043,Prof-school,4,Never-married,Exec-managerial,Wife,Black,Male,0,0,78,United-States,>50K
67,Government,408906,Preschool,11,Married-civ-spouse,Priv-house-serv,Own-child,White,Male,96823,0,44,United-States,>50K
46,Government,680528,Prof-school,3,Never-married,Armed-Forces,Unmarried,Black,Female,0,0,61,United-States,<=50K
56,Private,973379,7th-8th,9,Never-married,Priv-house-serv,Not-in-family,White,Male,0,0,23,United-States,>50K
62,Self-emp,258618,Assoc-acdm,8,Never-married,Armed-Forces,Unmarried,White,Male,0,0,72,United-States,>50K
34,Private,518665,Prof-school,6,Married-civ-spouse,Handlers-cleaners,Own-child,White,Male,29823,0,45,United-States,>50K
73,Private,998498,12th,1,Married-civ-spouse,Transport-moving,Wife,Black,Female,0,0,33,United-States,<=50K
63,Self-emp,75116,12th,14,Married-civ-spouse,Machine-op-inspct,Own-child,Black,Male,75963,0,49,United-States,>50K
84,Private,923518,Prof-school,10,Married-civ-spouse,Exec-managerial,Not-in-family,White,Female,0,0,38,United-States,<=50K
86,Without-pay,151105,9th,13,Never-married,Machine-op-inspct,Wife,Black,Male,55534,0,62,United-States,>50K
31,Private,345727,Masters,12,Married-civ-spouse,Priv-house-serv,Wife,White,Male,0,0,31,United-States,>50K
84,Government,539190,Bachelors,11,Widowed,Other-service,Wife,White,Male,0,0,81,United-States,>50K
40,Private,132793,Prof-school,1,Never-married,Armed-Forces,Husband,White,Male,0,0,24,United-States,<=50K
78,Self-emp,929000,Bachelors,12,Married-civ-spouse,Priv-house-serv,Not-in-family,White,Male,0,0,78,United-States,>50K
40,Self-emp,71263,5th-6th,6,Never-married,Handlers-cleaners,Husband,White,Female,0,0,73,Other,<=50K
44,Government,299808,Assoc-voc,13,Married-civ-spouse,Machine-op-inspct,Unmarried,White,Male,0,0,13,United-States,<=50K
71,Private,314347,Doctorate,3,Married-civ-spouse,Handlers-cleaners,Wife,White,Male,0,0,84,United-States,<=50K
27,Government,276726,5th-6th,3,Married-civ-spouse,Armed-Forces,Husband,White,Male,0,0,27,United-States,>50K
33,Private,301626,Assoc-voc,6,Never-married,Craft-repair,Own-child,White,Female,0,0,51,United-States,<=50K
58,Private,962315,10th,13,Divorced,Machine-op-inspct,Husband,White,Female,0,0,39,United-States,<=50K
72,Private,177216,12th,3,Never-married,Prof-specialty,Other-relative,White,Male,0,0,24,United-States,>50K
78,Self-emp,837908,9th,13,Married-civ-spouse,Farming-fishing,Unmarried,White,Female,0,0,79,Other,<=50K
66,Private,828304,Doctorate,11,Divorced,Other-service,Wife,White,Male,0,0,64,United-States,>50K
69,Self-emp,92754,Assoc-voc,10,Married-civ-spouse,Sales,Wife,White,Male,0,0,62,United-States,>50K
19,Self-emp,420223,Masters,6,Married-civ-spouse,Handlers-cleaners,Unmarried,White,Female,0,0,25,United-States,<=50K
67,Private,715559,7th-8th,5,Married-civ-spouse,Other-service,Unmarried,White,Female,0,0,82,United-States,<=50K
60,Government,322860,9th,4,Married-civ-spouse,Tech-support,Not-in-family,White,Male,0,0,43,United-States,<=50K
25,Private,105363,Preschool,8,Never-married,Prof-specialty,Own-child,White,Male,0,0,36,United-States,>50K
76,Government,123195,9th,2,Married-civ-spouse,Other-service,Unmarried,White,Male,0,0,22,United-States,<=50K
82,Private,769104,11th,15,Separated,Transport-moving,Unmarried,White,Female,0,0,36,United-States,<=50K
29,Private,174336,5th-6th,12,Married-civ-spouse,Farming-fishing,Not-in-family,White,Male,0,0,82,United-States,>50K
21,Private,107143,12th,14,Divorced,Prof-specialty,Unmarried,Asian-Pac-Islander,Male,0,0,78,United-States,>50K
58,Private,730590,5th-6th,11,Married-civ-spouse,Farming-fishing,Husband,Asian-Pac-Islander,Male,0,0,95,United-States,>50K
24,Private,299149,Preschool,7,Married-civ-spouse,Priv-house-serv,Other-relative,White,Male,0,2718,40,United-States,>50K
86,Private,249831,HS-grad,4,Separated,Other-service,Other-relative,White,Male,0,0,12,United-States,<=50K
86,Private,303619,HS-grad,2,Never-married,Prof-specialty,Other-relative,White,Female,0,2815,39,United-States,<=50K
47,Private,420142,Bachelors,15,Never-married,Transport-moving,Unmarried,White,Male,0,0,30,United-States,>50K
23,Private,43683,Assoc-acdm,7,Never-married,Sales,Other-relative,Asian-Pac-Islander,Male,0,0,15,Canada,<=50K
36,Self-emp,86810,Some-college,13,Never-married,Protective-serv,Own-child,White,Male,0,0,41,United-States,<=50K
83,Private,780129,5th-6th,1,Never-married,Sales,Husband,White,Female,0,0,51,Mexico,<=50K
27,Government,842481,7th-8th,4,Never-married,Farming-fishing,Other-relative,White,Male,0,0,71,United-States,>50K
33,Private,371627,Doctorate,9,Married-civ-spouse,Farming-fishing,Wife,Amer-Indian-Eskimo,Male,62405,0,98,United-States,>50K
54,Private,657333,Bachelors,14,Divorced,Transport-moving,Unmarried,White,Female,0,0,41,United-States,>50K
49,Private,249823,Bachelors,4,Never-married,Craft-repair,Husband,White,Female,0,0,95,United-States,<=50K
64,Private,765735,Masters,12,Married-civ-spouse,Armed-Forces,Own-child,White,Female,0,0,97,United-States,<=50K
89,Private,510518,10th,13,Never-married,Sales,Other-relative,White,Female,0,0,48,United-States,>50K
60,Private,262790,12th,3,Married-civ-spouse,Transport-moving,Own-child,White,Male,0,0,73,United-States,<=50K
53,Government,758210,Masters,10,Never-married,Priv-house-serv,Unmarried,White,Female,59100,330,39,Mexico,<=50K
43,Self-emp,452699,Assoc-acdm,10,Married-civ-spouse,Sales,Other-relative,Black,Male,0,0,72,Other,>50K
27,Private,646465,10th,2,Married-civ-spouse,Transport-moving,Wife,Black,Female,0,0,40,United-States,<=50K
48,Self-emp,180985,Bachelors,14,Married-civ-spouse,Handlers-cleaners,Husband,Black,Female,10642,0,96,United-States,<=50K
46,Private,464150,1st-4th,15,Never-married,Exec-managerial,Wife,White,Female,0,0,49,United-States,<=50K
22,Private,969998,5th-6th,3,Married-civ-spouse,Machine-op-inspct,Other-relative,White,Male,0,0,42,United-States,<=50K
18,Private,271731,11th,1,Never-married,Handlers-cleaners,Not-in-family,White,Male,0,0,72,United-States,<=50K
20,Self-emp,302432,Preschool,10,Never-married,Farming-fishing,Husband,White,Male,66293,0,34,United-States,<=50K
84,Self-emp,647168,12th,8,Married-civ-spouse,Adm-clerical,Own-child,White,Female,0,612,45,United-States,<=50K
88,Self-emp,657348,Some-college,1,Widowed,Machine-op-inspct,Other-relative,White,Female,0,0,33,United-States,>50K
52,Private,625716,10th,3,Married-civ-spouse,Adm-clerical,Wife,White,Male,0,0,67,United-States,>50K
32,Private,917232,Masters,14,Divorced,Tech-support,Unmarried,White,Male,0,0,48,United-States,>50K
84,Self-emp,35682,7th-8th,3,Divorced,Farming-fishing,Not-in-family,White,Male,0,2036,55,United-States,>50K
47,Private,601413,Preschool,13,Married-civ-spouse,Protective-serv,Unmarried,White,Female,0,0,86,United-States,>50K
60,Private,696169,Prof-school,15,Married-civ-spouse,Priv-house-serv,Other-relative,White,Female,0,0,19,United-States,<=50K
77,Private,880838,Assoc-acdm,2,Never-married,Other-service,Own-child,White,Male,0,0,96,United-States,<=50K
57,Private,261594,Some-college,14,Never-married,Exec-managerial,Wife,White,Male,0,0,91,United-States,<=50K
82,Private,717102,9th,5,Married-civ-spouse,Adm-clerical,Husband,White,Female,0,0,41,United-States,<=50K
46,Private,987088,Assoc-acdm,10,Married-civ-spouse,Machine-op-inspct,Not-in-family,White,Female,0,0,45,United-States,>50K
36,Private,84215,Preschool,3,Widowed,Armed-Forces,Other-relative,White,Male,0,0,37,United-States,>50K
20,Private,674163,Masters,3,Married-civ-spouse,Farming-fishing,Other-relative,White,Male,94411,0,25,United-States,>50K
53,Private,324716,1st-4th,8,Divorced,Handlers-cleaners,Other-relative,White,Male,0,0,25,United-States,>50K
60,Private,916328,9th,4,Divorced,Craft-repair,Other-relative,White,Male,0,0,27,United-States,<=50K
32,Private,516810,9th,4,Married-civ-spouse,Transport-moving,Wife,White,Male,0,0,17,Germany,<=50K
58,Private,332682,Doctorate,3,Never-married,Prof-specialty,Husband,White,Female,0,0,89,United-States,>50K
53,Private,904325,5th-6th,11,Separated,Sales,Own-child,White,Female,0,0,84,United-States,>50K
50,Private,115518,Bachelors,1,Married-civ-spouse,Exec-managerial,Not-in-family,White,Male,0,0,79,Canada,>50K
22,Self-emp,715968,Assoc-voc,8,Never-married,Armed-Forces,Other-relative,White,Female,0,0,10,Germany,>50K
31,Self-emp,577441,Some-college,15,Never-married,Exec-managerial,Unmarried,White,Male,35503,0,71,United-States,>50K
85,Private,582945,5th-6th,1,Divorced,Protective-serv,Other-relative,Black,Male,0,0,85,United-States,<=50K
64,Private,150601,Masters,7,Married-civ-spouse,Sales,Husband,White,Male,0,0,47,United-States,<=50K
71,Government,235606,9th,5,Never-married,Sales,Husband,White,Male,0,0,54,United-States,<=50K
21,Private,844640,1st-4th,4,Married-civ-spouse,Sales,Wife,White,Female,0,0,67,United-States,<=50K
26,Private,610216,Some-college,4,Married-civ-spouse,Transport-moving,Wife,White,Female,0,0,90,United-States,>50K
70,Private,702625,HS-grad,8,Separated,Craft-repair,Unmarried,White,Male,0,0,10,United-States,<=50K
77,Private,913987,Some-college,11,Never-married,Tech-support,Unmarried,White,Male,0,0,41,United-States,<=50K
63,Private,669943,10th,11,Separated,Priv-house-serv,Wife,White,Female,0,0,17,Germany,<=50K
71,Without-pay,202298,Assoc-voc,13,Married-civ-spouse,Craft-repair,Not-in-family,White,Male,0,0,49,United-States,<=50K
54,Government,560978,Prof-school,14,Never-married,Handlers-cleaners,Unmarried,White,Male,0,0,65,United-States,>50K
40,Private,937832,10th,6,Divorced,Priv-house-serv,Wife,White,Female,0,0,72,Other,>50K
44,Private,97174,Masters,14,Widowed,Tech-support,Other-relative,White,Male,0,0,97,United-States,<=50K
87,Private,812670,Preschool,12,Separated,Prof-specialty,Wife,White,Male,0,0,83,United-States,>50K
83,Private,966617,10th,1,Widowed,Sales,Not-in-family,White,Male,0,1649,83,United-States,<=50K
78,Private,753851,Masters,14,Separated,Craft-repair,Wife,Black,Female,0,0,45,United-States,>50K
68,Private,328379,7th-8th,10,Married-civ-spouse,Other-service,Wife,White,Male,22150,0,98,United-States,>50K
67,Private,162754,Prof-school,8,Never-married,Handlers-cleaners,Other-relative,White,Male,0,0,66,United-States,>50K
36,Private,974946,Masters,13,Married-civ-spouse,Prof-specialty,Unmarried,White,Female,0,0,83,United-States,>50K
18,Private,747358,9th,14,Never-married,Prof-specialty,Other-relative,White,Male,0,0,92,United-States,>50K
57,Government,138596,Some-college,2,Widowed,Machine-op-inspct,Other-relative,Black,Female,0,0,54,United-States,>50K
49,Private,736548,11th,6,Married-civ-spouse,Machine-op-inspct,Wife,White,Male,0,0,88,United-States,<=50K
39,Without-pay,288905,Assoc-acdm,9,Divorced,Prof-specialty,Other-relative,Asian-Pac-Islander,Female,0,0,89,United-States,<=50K
83,Private,518068,Masters,1,Never-married,Tech-support,Husband,White,Male,0,0,11,United-States,<=50K
57,Private,761131,Assoc-voc,6,Married-civ-spouse,Farming-fishing,Own-child,White,Male,0,0,77,Philippines,>50K
55,Private,989692,Doctorate,8,Married-civ-spouse,Protective-serv,Own-child,White,Male,0,0,59,United-States,<=50K
65,Private,265672,12th,10,Married-civ-spouse,Handlers-cleaners,Other-relative,Black,Male,0,0,38,United-States,<=50K
72,Private,414392,9th,13,Married-civ-spouse,Machine-op-inspct,Unmarried,White,Female,0,0,90,United-States,<=50K
72,Government,900677,5th-6th,2,Never-married,Exec-managerial,Not-in-family,White,Female,0,0,19,United-States,>50K
68,Without-pay,460714,11th,5,Divorced,Protective-serv,Other-relative,White,Male,11687,0,36,United-States,>50K
77,Private,633738,Assoc-voc,6,Married-civ-spouse,Transport-moving,Unmarried,White,Male,0,0,24,United-States,<=50K
25,Private,582617,9th,5,Separated,Sales,Other-relative,Black,Female,0,0,69,United-States,<=50K
85,Private,822071,12th,3,Never-married,Handlers-cleaners,Wife,White,Female,0,0,40,United-States,>50K
89,Private,208824,5th-6th,4,Divorced,Priv-house-serv,Unmarried,White,Male,0,0,30,United-States,>50K
26,Private,648021,Assoc-acdm,7,Married-civ-spouse,Priv-house-serv,Not-in-family,White,Male,0,0,69,United-States,>50K
19,Private,954919,HS-grad,4,Never-married,Transport-moving,Other-relative,White,Male,0,0,67,United-States,<=50K
87,Private,566945,10th,9,Married-civ-spouse,Protective-serv,Husband,Asian-Pac-Islander,Female,0,0,50,United-States,<=50K
76,Private,834649,Assoc-acdm,11,Never-married,Prof-specialty,Unmarried,White,Male,0,0,55,Philippines,<=50K
36,Private,879815,Preschool,12,Never-married,Priv-house-serv,Own-child,White,Male,0,0,54,United-States,<=50K
45,Private,193694,7th-8th,14,Married-civ-spouse,Prof-specialty,Unmarried,Black,Male,0,0,35,Canada,<=50K
89,Private,27900,11th,13,Never-married,Armed-Forces,Husband,White,Female,0,0,60,United-States,>50K
31,Without-pay,21242,5th-6th,13,Divorced,Other-service,Husband,White,Male,0,0,45,United-States,>50K
41,Private,368753,Some-college,10,Married-civ-spouse,Transport-moving,Husband,White,Male,0,0,61,United-States,>50K
61,Government,440407,Prof-school,2,Separated,Farming-fishing,Not-in-family,White,Male,0,0,90,United-States,>50K
73,Self-emp,975105,Preschool,5,Married-civ-spouse,Sales,Not-in-family,White,Male,0,0,60,United-States,<=50K
68,Government,599218,Assoc-voc,8,Never-married,Exec-managerial,Unmarried,Black,Male,0,0,12,United-States,>50K
49,Self-emp,421126,11th,14,Never-married,Adm-clerical,Not-in-family,White,Male,0,0,23,United-States,>50K
67,Private,365866,Prof-school,5,Married-civ-spouse,Machine-op-inspct,Own-child,White,Male,0,0,58,United-States,>50K
58,Government,135272,HS-grad,10,Widowed,Other-service,Wife,Asian-Pac-Islander,Male,0,0,86,United-States,>50K
83,Private,680338,Masters,12,Divorced,Prof-specialty,Unmarried,White,Male,0,0,10,United-States,<=50K
42,Private,977444,Assoc-voc,8,Married-civ-spouse,Farming-fishing,Other-relative,White,Female,0,0,66,United-States,<=50K
78,Without-pay,393352,Some-college,8,Never-married,Tech-support,Other-relative,White,Female,0,0,26,United-States,>50K
83,Self-emp,810038,1st-4th,9,Divorced,Other-service,Unmarried,Black,Male,0,0,59,United-States,<=50K
59,Government,697391,Masters,10,Never-married,Farming-fishing,Wife,White,Female,0,0,23,India,>50K
82,Self-emp,541709,10th,6,Never-married,Armed-Forces,Other-relative,White,Male,0,0,68,United-States,>50K
53,Government,327873,Assoc-voc,12,Married-civ-spouse,Priv-house-serv,Unmarried,White,Male,77445,0,90,United-States,>50K
26,Self-emp,274692,1st-4th,4,Married-civ-spouse,Handlers-cleaners,Unmarried,White,Male,0,0,12,United-States,<=50K
53,Self-emp,541540,Some-college,12,Married-civ-spouse,Handlers-cleaners,Husband,White,Male,0,0,49,United-States,>50K
55,Private,450840,11th,11,Never-married,Craft-repair,Own-child,White,Female,0,0,98,United-States,>50K
50,Government,612673,Prof-school,3,Married-civ-spouse,Other-service,Other-relative,White,Female,0,0,75,United-States,<=50K
59,Self-emp,997648,Assoc-voc,15,Married-civ-spouse,Handlers-cleaners,Own-child,White,Female,0,0,43,United-States,>50K
78,Self-emp,493843,10th,12,Married-civ-spouse,Priv-house-serv,Unmarried,Black,Male,0,0,18,United-States,<=50K
63,Private,384275,Preschool,14,Married-civ-spouse,Prof-specialty,Wife,White,Male,0,0,93,United-States,>50K
78,Private,393472,Assoc-acdm,5,Never-married,Protective-serv,Unmarried,White,Male,0,0,30,United-States,<=50K
35,Private,934249,1st-4th,6,Separated,Handlers-cleaners,Other-relative,White,Male,0,0,34,United-States,<=50K
87,Government,963334,Assoc-voc,3,Married-civ-spouse,Farming-fishing,Own-child,White,Male,0,0,53,United-States,<=50K
32,Private,834481,Masters,2,Married-civ-spouse,Adm-clerical,Husband,White,Male,0,0,34,Mexico,>50K
65,Private,178602,Assoc-acdm,7,Never-married,Machine-op-inspct,Husband,White,Male,0,0,18,United-States,>50K
89,Private,433438,10th,11,Married-civ-spouse,Prof-specialty,Unmarried,White,Male,0,0,71,United-States,<=50K
30,Self-emp,794748,1st-4th,5,Separated,Priv-house-serv,Wife,White,Female,0,0,35,United-States,<=50K
60,Self-emp,789807,Bachelors,9,Divorced,Armed-Forces,Not-in-family,White,Female,0,0,66,United-States,<=50K
77,Self-emp,937144,5th-6th,15,Married-civ-spouse,Sales,Other-relative,White,Female,0,0,46,United-States,<=50K
74,Private,174806,Prof-school,3,Widowed,Armed-Forces,Unmarried,White,Male,0,0,25,United-States,<=50K
88,Private,720588,1st-4th,14,Married-civ-spouse,Protective-serv,Husband,White,Male,0,0,46,United-States,<=50K
34,Private,752974,Bachelors,15,Married-civ-spouse,Farming-fishing,Husband,White,Male,87935,0,85,United-States,>50K
67,Private,925388,Assoc-voc,8,Married-civ-spouse,Adm-clerical,Wife,White,Female,0,2973,33,United-States,>50K
49,Self-emp,723067,HS-grad,6,Widowed,Handlers-cleaners,Husband,White,Male,0,0,35,United-States,>50K
39,Private,763771,Prof-school,4,Never-married,Exec-managerial,Other-relative,White,Male,0,0,29,United-States,<=50K
72,Private,951069,Bachelors,12,Married-civ-spouse,Craft-repair,Wife,White,Female,0,0,18,United-States,>50K
74,Private,185126,9th,12,Never-married,Adm-clerical,Own-child,White,Male,0,0,96,United-States,>50K
30,Private,379262,5th-6th,15,Divorced,Armed-Forces,Wife,White,Male,0,0,38,United-States,>50K
64,Government,850000,HS-grad,9,Married-civ-spouse,Handlers-cleaners,Other-relative,White,Male,0,0,40,United-States,>50K
79,Private,76045,11th,5,Never-married,Adm-clerical,Other-relative,Asian-Pac-Islander,Male,0,0,28,Canada,<=50K
71,Self-emp,868783,Bachelors,15,Never-married,Transport-moving,Own-child,White,Male,0,0,29,United-States,>50K
46,Private,117560,HS-grad,10,Divorced,Adm-clerical,Unmarried,Asian-Pac-Islander,Male,56251,0,96,United-States,<=50K
39,Private,521769,11th,6,Married-civ-spouse,Farming-fishing,Wife,White,Male,0,0,36,United-States,<=50K
82,Private,198719,9th,14,Married-civ-spouse,Exec-managerial,Other-relative,White,Male,0,0,94,United-States,>50K
46,Private,68312,7th-8th,15,Never-married,Handlers-cleaners,Other-relative,Black,Female,0,0,53,Philippines,>50K
65,Self-emp,576686,1st-4th,15,Never-married,Exec-managerial,Own-child,White,Male,0,0,44,United-States,<=50K
22,Private,333009,Prof-school,13,Never-married,Other-service,Not-in-family,White,Male,0,0,80,United-States,>50K
52,Private,636463,7th-8th,9,Never-married,Farming-fishing,Wife,White,Male,0,0,31,United-States,>50K
88,Private,130201,Bachelors,7,Never-married,Machine-op-inspct,Other-relative,White,Female,0,1968,83,United-States,<=50K
63,Private,959912,Assoc-voc,12,Never-married,Machine-op-inspct,Husband,White,Male,11764,0,96,United-States,>50K
52,Self-emp,779617,Masters,5,Married-civ-spouse,Adm-clerical,Own-child,White,Male,0,0,24,United-States,>50K
62,Private,753788,Doctorate,2,Married-civ-spouse,Transport-moving,Not-in-family,White,Female,0,0,22,United-States,>50K
30,Private,205297,Assoc-voc,4,Divorced,Armed-Forces,Not-in-family,White,Female,0,0,13,United-States,>50K
27,Self-emp,613100,Assoc-acdm,2,Married-civ-spouse,Priv-house-serv,Own-child,Amer-Indian-Eskimo,Male,0,0,91,United-States,>50K
83,Private,901900,HS-grad,3,Never-married,Prof-specialty,Not-in-family,White,Female,0,0,65,United-States,<=50K
87,Private,931004,10th,10,Never-married,Craft-repair,Other-relative,White,Male,50021,0,32,Other,>50K
89,Private,847783,Masters,12,Married-civ-spouse,Other-service,Not-in-family,White,Male,0,0,43,United-States,>50K
42,Private,153618,7th-8th,3,Separated,Protective-serv,Wife,White,Male,0,0,26,Canada,<=50K
61,Self-emp,194125,Doctorate,4,Divorced,Transport-moving,Husband,White,Male,0,0,37,United-States,>50K
77,Private,50526,11th,6,Divorced,Priv-house-serv,Other-relative,White,Female,0,0,23,United-States,>50K
64,Government,221650,Masters,12,Divorced,Farming-fishing,Own-child,White,Male,0,0,43,United-States,<=50K
57,Private,114374,5th-6th,3,Married-civ-spouse,Transport-moving,Husband,White,Male,13185,0,84,United-States,<=50K
24,Government,258030,Masters,10,Married-civ-spouse,Prof-specialty,Unmarried,White,Female,0,0,66,United-States,<=50K
63,Private,441369,Bachelors,14,Divorced,Tech-support,Other-relative,Asian-Pac-Islander,Female,0,0,86,United-States,<=50K
40,Private,10229,5th-6th,1,Separated,Armed-Forces,Husband,White,Male,36069,0,64,United-States,<=50K
63,Private,454854,Some-college,1,Never-married,Craft-repair,Not-in-family,White,Male,44190,0,75,United-States,<=50K
30,Private,165797,11th,9,Married-civ-spouse,Machine-op-inspct,Unmarried,White,Male,0,0,46,United-States,<=50K
38,Self-emp,961181,Some-college,9,Married-civ-spouse,Transport-moving,Own-child,White,Female,0,0,77,Mexico,<=50K
18,Self-emp,742616,Assoc-acdm,5,Widowed,Machine-op-inspct,Own-child,Black,Male,0,0,85,United-States,>50K
36,Private,191201,10th,9,Divorced,Prof-specialty,Wife,White,Female,0,0,35,United-States,<=50K
77,Private,41879,5th-6th,11,Separated,Other-service,Not-in-family,White,Male,0,0,70,United-States,>50K
50,Private,485770,Doctorate,7,Divorced,Armed-Forces,Wife,White,Male,0,0,76,United-States,>50K
21,Without-pay,893086,Assoc-voc,9,Divorced,Craft-repair,Wife,White,Male,0,0,93,United-States,>50K
20,Government,407933,Prof-school,12,Never-married,Protective-serv,Not-in-family,White,Male,0,0,83,United-States,<=50K
69,Private,487326,Prof-school,7,Married-civ-spouse,Prof-specialty,Other-relative,White,Male,0,0,61,United-States,>50K
45,Government,88771,Assoc-voc,9,Never-married,Tech-support,Unmarried,Black,Female,0,0,27,United-States,<=50K
87,Government,801621,Assoc-acdm,15,Divorced,Armed-Forces,Wife,White,Male,0,0,62,United-States,>50K
87,Private,923461,1st-4th,2,Never-married,Farming-fishing,Husband,Black,Male,0,0,72,United-States,<=50K
72,Self-emp,621147,9th,11,Never-married,Prof-specialty,Unmarried,White,Female,0,0,62,United-States,>50K
74,Private,492217,7th-8th,11,Married-civ-spouse,Adm-clerical,Other-relative,White,Male,0,0,36,United-States,>50K
33,Private,242850,Some-college,8,Divorced,Handlers-cleaners,Not-in-family,White,Female,0,0,40,United-States,<=50K
41,Private,655671,1st-4th,7,Married-civ-spouse,Adm-clerical,Own-child,White,Male,0,0,10,United-States,>50K
86,Private,611796,Some-college,6,Married-civ-spouse,Craft-repair,Other-relative,White,Male,0,0,15,United-States,<=50K
58,Private,901930,5th-6th,5,Never-married,Transport-moving,Wife,White,Male,0,0,20,United-States,>50K
64,Private,142937,Bachelors,4,Married-civ-spouse,Armed-Forces,Husband,White,Male,0,0,43,Philippines,>50K
86,Self-emp,501818,Assoc-voc,7,Divorced,Exec-managerial,Unmarried,White,Female,0,0,93,United-States,<=50K
48,Private,131389,Masters,3,Married-civ-spouse,Adm-clerical,Not-in-family,White,Male,0,0,72,Other,<=50K
47,Private,767389,5th-6th,8,Married-civ-spouse,Handlers-cleaners,Own-child,White,Male,0,0,62,India,>50K
35,Government,496719,Doctorate,2,Married-civ-spouse,Adm-clerical,Unmarried,White,Male,0,0,94,United-States,<=50K
61,Private,407756,HS-grad,1,Married-civ-spouse,Armed-Forces,Husband,White,Male,0,0,94,United-States,>50K
44,Private,198513,5th-6th,11,Never-married,Transport-moving,Own-child,White,Female,0,0,27,United-States,<=50K
43,Government,773961,7th-8th,2,Never-married,Prof-specialty,Not-in-family,White,Male,0,0,30,United-States,<=50K
77,Government,743360,Assoc-acdm,9,Separated,Handlers-cleaners,Unmarried,Black,Male,0,0,28,United-States,>50K
35,Private,702942,1st-4th,5,Married-civ-spouse,Farming-fishing,Other-relative,White,Female,0,0,13,United-States,<=50K
73,Private,89132,Assoc-voc,11,Never-married,Exec-managerial,Wife,White,Male,0,0,86,India,>50K
48,Government,261894,10th,8,Never-married,Prof-specialty,Not-in-family,Asian-Pac-Islander,Female,0,0,91,United-States,<=50K
76,Private,237993,Assoc-voc,3,Married-civ-spouse,Tech-support,Husband,White,Male,0,0,38,United-States,<=50K
19,Private,90922,9th,7,Never-married,Tech-support,Other-relative,Black,Male,0,0,34,United-States,<=50K
56,Private,947410,HS-grad,15,Never-married,Craft-repair,Unmarried,White,Male,0,0,65,United-States,>50K
78,Private,424018,11th,2,Married-civ-spouse,Transport-moving,Own-child,White,Female,0,0,86,United-States,>50K
80,Self-emp,475570,11th,8,Never-married,Armed-Forces,Other-relative,White,Female,0,0,72,United-States,<=50K
35,Self-emp,74761,12th,14,Married-civ-spouse,Sales,Other-relative,White,Male,0,0,36,Philippines,<=50K
34,Government,67276,9th,7,Married-civ-spouse,Transport-moving,Husband,White,Male,0,0,69,United-States,<=50K
56,Self-emp,247538,1st-4th,12,Divorced,Adm-clerical,Wife,White,Male,0,0,92,United-States,>50K
88,Private,375937,5th-6th,5,Never-married,Handlers-cleaners,Other-relative,White,Male,0,0,58,United-States,<=50K
71,Private,638677,10th,12,Married-civ-spouse,Prof-specialty,Other-relative,White,Male,81527,0,74,United-States,>50K
52,Without-pay,739933,5th-6th,11,Married-civ-spouse,Tech-support,Wife,White,Female,46577,0,47,United-States,>50K
28,Private,604009,11th,4,Divorced,Exec-managerial,Wife,White,Male,0,0,92,United-States,<=50K
78,Private,46994,9th,1,Never-married,Transport-moving,Own-child,White,Male,0,0,61,United-States,>50K
61,Government,886448,Some-college,5,Never-married,Priv-house-serv,Unmarried,White,Male,0,0,10,United-States,<=50K
85,Private,128569,5th-6th,12,Married-civ-spouse,Protective-serv,Own-child,Asian-Pac-Islander,Male,0,0,49,United-States,>50K
42,Private,17692,Prof-school,9,Never-married,Sales,Wife,White,Male,0,506,90,Other,>50K
65,Government,461612,Prof-school,10,Married-civ-spouse,Exec-managerial,Not-in-family,Black,Male,0,2585,30,United-States,<=50K
49,Without-pay,136728,Assoc-voc,4,Divorced,Transport-moving,Wife,White,Female,0,504,95,United-States,>50K
21,Private,947503,Prof-school,13,Divorced,Adm-clerical,Own-child,White,Male,0,0,24,United-States,<=50K
55,Government,737701,7th-8th,9,Never-married,Priv-house-serv,Husband,White,Male,0,0,59,United-States,<=50K
80,Private,930661,11th,12,Never-married,Other-service,Husband,White,Male,0,0,57,United-States,>50K
64,Private,438089,7th-8th,2,Never-married,Sales,Unmarried,White,Female,0,0,41,United-States,<=50K
18,Government,441160,Bachelors,4,Divorced,Machine-op-inspct,Other-relative,White,Female,0,0,58,United-States,<=50K
20,Government,961265,11th,9,Married-civ-spouse,Other-service,Husband,White,Male,0,0,77,United-States,<=50K
79,Private,875673,HS-grad,4,Married-civ-spouse,Protective-serv,Own-child,White,Female,0,0,54,Canada,>50K
81,Private,881448,Assoc-acdm,5,Separated,Other-service,Husband,White,Male,0,0,41,United-States,<=50K
34,Private,239565,12th,11,Divorced,Protective-serv,Not-in-family,White,Male,0,0,13,United-States,>50K
79,Private,172750,9th,8,Divorced,Adm-clerical,Wife,White,Male,0,0,74,United-States,<=50K
52,Private,364379,Assoc-voc,1,Never-married,Exec-managerial,Wife,White,Male,0,0,80,United-States,<=50K
30,Private,495746,9th,1,Married-civ-spouse,Farming-fishing,Own-child,White,Male,0,0,82,Germany,<=50K
52,Private,105106,Assoc-acdm,9,Never-married,Tech-support,Other-relative,White,Female,0,0,74,United-States,<=50K
60,Private,422498,Assoc-acdm,9,Never-married,Handlers-cleaners,Wife,White,Female,0,0,89,United-States,>50K
19,Private,458224,Doctorate,4,Never-married,Handlers-cleaners,Husband,White,Male,0,0,27,Other,<=50K
73,Self-emp,809225,Assoc-acdm,13,Married-civ-spouse,Prof-specialty,Not-in-family,White,Male,0,0,63,United-States,>50K
68,Private,167614,11th,2,Divorced,Prof-specialty,Other-relative,White,Male,0,0,56,United-States,>50K
71,Private,96169,Doctorate,13,Married-civ-spouse,Other-service,Other-relative,White,Male,0,0,15,United-States,>50K
33,Government,443030,12th,9,Divorced,Other-service,Other-relative,White,Male,0,0,75,United-States,<=50K
35,Self-emp,925361,5th-6th,14,Never-married,Farming-fishing,Wife,Black,Male,0,0,18,United-States,<=50K
24,Private,812069,HS-grad,4,Married-civ-spouse,Transport-moving,Unmarried,Black,Male,0,0,77,United-States,<=50K
62,Private,619619,Masters,6,Never-married,Adm-clerical,Other-relative,White,Female,0,0,32,United-States,>50K
53,Self-emp,890490,Assoc-acdm,12,Married-civ-spouse,Tech-support,Own-child,White,Male,0,0,52,United-States,>50K
58,Private,609062,10th,1,Never-married,Handlers-cleaners,Husband,White,Male,0,0,60,United-States,<=50K
59,Self-emp,402623,Assoc-voc,12,Divorced,Protective-serv,Unmarried,White,Female,68586,0,81,United-States,<=50K
24,Private,758045,11th,9,Married-civ-spouse,Priv-house-serv,Not-in-family,White,Male,0,0,34,United-States,>50K
32,Private,977261,HS-grad,5,Married-civ-spouse,Transport-moving,Husband,White,Male,91666,0,89,United-States,<=50K
77,Private,519270,Assoc-acdm,15,Never-married,Farming-fishing,Own-child,Black,Male,0,0,44,United-States,>50K
57,Self-emp,905854,Bachelors,3,Married-civ-spouse,Handlers-cleaners,Own-child,White,Male,0,0,26,United-States,<=50K
54,Government,320323,Masters,4,Married-civ-spouse,Machine-op-inspct,Unmarried,White,Female,0,0,27,United-States,<=50K
83,Private,655458,5th-6th,1,Married-civ-spouse,Prof-specialty,Husband,White,Male,0,0,36,United-States,<=50K
72,Private,412472,Assoc-voc,14,Married-civ-spouse,Machine-op-inspct,Wife,White,Male,0,0,24,Philippines,<=50K
73,Private,64947,10th,9,Never-married,Tech-support,Own-child,White,Female,0,0,90,United-States,>50K
61,Private,928021,5th-6th,14,Never-married,Tech-support,Other-relative,Asian-Pac-Islander,Female,0,0,78,Philippines,>50K
74,Government,659622,Masters,8,Married-civ-spouse,Adm-clerical,Not-in-family,White,Female,0,0,89,United-States,<=50K
23,Private,219033,Bachelors,4,Married-civ-spouse,Priv-house-serv,Not-in-family,White,Male,52203,0,24,United-States,>50K
49,Government,621426,Masters,2,Married-civ-spouse,Sales,Own-child,White,Male,0,1867,51,United-States,>50K
35,Private,811108,10th,14,Separated,Other-service,Other-relative,White,Female,0,0,43,United-States,>50K
85,Government,980463,1st-4th,9,Divorced,Prof-specialty,Husband,White,Female,0,0,57,United-States,<=50K
24,Self-emp,413997,10th,4,Never-married,Farming-fishing,Not-in-family,White,Male,0,0,92,United-States,>50K
25,Private,356336,1st-4th,9,Never-married,Priv-house-serv,Other-relative,White,Male,0,0,17,United-States,>50K
81,Private,255573,10th,10,Never-married,Protective-serv,Other-relative,White,Male,0,0,19,United-States,>50K
24,Private,372756,12th,3,Separated,Priv-house-serv,Wife,White,Female,0,0,14,United-States,<=50K
58,Private,74758,Masters,7,Married-civ-spouse,Adm-clerical,Own-child,White,Male,0,0,57,United-States,<=50K
57,Private,691038,Preschool,7,Widowed,Farming-fishing,Other-relative,White,Male,0,0,35,United-States,>50K
20,Private,473544,5th-6th,10,Never-married,Transport-moving,Husband,White,Male,0,0,95,United-States,<=50K
34,Government,59962,Masters,13,Married-civ-spouse,Sales,Not-in-family,White,Male,0,0,32,United-States,>50K
83,Private,218563,7th-8th,4,Never-married,Adm-clerical,Wife,White,Female,0,0,71,Canada,<=50K
69,Self-emp,317672,12th,2,Never-married,Exec-managerial,Husband,White,Male,66043,0,22,United-States,<=50K
39,Government,149340,7th-8th,11,Never-married,Protective-serv,Not-in-family,White,Female,0,0,18,United-States,>50K
21,Government,946197,Masters,9,Married-civ-spouse,Handlers-cleaners,Own-child,White,Female,0,0,29,Germany,<=50K
23,Private,116212,7th-8th,4,Never-married,Other-service,Husband,White,Male,0,2440,66,United-States,<=50K
55,Private,166673,HS-grad,8,Married-civ-spouse,Other-service,Not-in-family,White,Male,0,0,33,United-States,>50K
43,Private,211047,Some-college,14,Never-married,Priv-house-serv,Wife,White,Male,0,0,42,United-States,>50K
28,Private,582427,Assoc-voc,2,Separated,Other-service,Not-in-family,White,Female,0,0,29,United-States,<=50K
34,Private,678587,10th,8,Never-married,Machine-op-inspct,Other-relative,White,Male,0,0,69,United-States,<=50K
48,Self-emp,315845,HS-grad,11,Divorced,Armed-Forces,Wife,White,Male,0,0,57,United-States,<=50K
52,Private,236125,Doctorate,10,Never-married,Prof-specialty,Husband,White,Female,0,0,73,United-States,<=50K
33,Private,105238,Prof-school,5,Married-civ-spouse,Adm-clerical,Unmarried,White,Male,0,0,39,United-States,<=50K
35,Without-pay,81925,Bachelors,7,Never-married,Adm-clerical,Own-child,White,Female,0,0,82,United-States,>50K
79,Private,334569,Masters,7,Never-married,Machine-op-inspct,Wife,White,Male,0,0,26,United-States,>50K
44,Private,497327,1st-4th,12,Married-civ-spouse,Tech-support,Wife,White,Male,0,0,23,United-States,>50K
52,Self-emp,906156,12th,9,Married-civ-spouse,Prof-specialty,Wife,White,Female,0,0,28,United-States,<=50K
62,Private,579517,10th,3,Never-married,Sales,Not-in-family,White,Female,0,0,80,Canada,>50K
52,Private,881910,Assoc-acdm,10,Married-civ-spouse,Sales,Other-relative,White,Male,0,0,68,United-States,>50K
45,Private,231000,1st-4th,4,Never-married,Other-service,Unmarried,White,Female,0,0,76,Mexico,<=50K
26,Government,821700,5th-6th,10,Married-civ-spouse,Priv-house-serv,Own-child,White,Female,0,0,53,United-States,>50K
32,Private,480992,Assoc-voc,4,Married-civ-spouse,Adm-clerical,Own-child,White,Male,0,0,41,United-States,<=50K
38,Private,72448,11th,15,Never-married,Craft-repair,Other-relative,Asian-Pac-Islander,Female,0,2357,20,United-States,>50K
69,Private,207940,12th,13,Never-married,Tech-support,Not-in-family,Asian-Pac-Islander,Male,0,0,11,United-States,>50K
52,Private,938733,Some-college,10,Divorced,Armed-Forces,Not-in-family,Black,Male,0,0,77,Germany,>50K
68,Private,317436,10th,5,Never-married,Farming-fishing,Other-relative,White,Male,0,0,26,United-States,<=50K
72,Private,540588,1st-4th,14,Divorced,Other-service,Other-relative,White,Female,0,0,90,United-States,<=50K
61,Private,224266,1st-4th,6,Never-married,Protective-serv,Husband,White,Male,0,0,49,United-States,>50K
82,Private,574222,Preschool,15,Married-civ-spouse,Sales,Not-in-family,White,Male,77180,0,96,United-States,>50K
42,Private,166892,12th,3,Married-civ-spouse,Sales,Wife,White,Male,0,0,55,United-States,<=50K
64,Private,338017,Assoc-voc,13,Married-civ-spouse,Prof-specialty,Own-child,White,Male,0,0,97,Mexico,>50K
73,Private,963566,Preschool,4,Married-civ-spouse,Tech-support,Not-in-family,White,Male,0,0,13,United-States,>50K
55,Private,760802,Bachelors,3,Married-civ-spouse,Tech-support,Other-relative,White,Female,0,2109,47,Other,<=50K
28,Private,976992,Some-college,2,Married-civ-spouse,Craft-repair,Wife,White,Female,0,0,72,United-States,<=50K
84,Self-emp,940949,11th,10,Widowed,Sales,Husband,Black,Male,0,0,38,United-States,>50K
32,Government,536155,HS-grad,12,Married-civ-spouse,Handlers-cleaners,Unmarried,White,Female,0,0,28,United-States,<=50K
18,Private,104117,5th-6th,9,Married-civ-spouse,Prof-specialty,Husband,White,Male,0,0,38,United-States,<=50K
24,Private,469246,Prof-school,1,Never-married,Transport-moving,Wife,Black,Female,0,0,44,United-States,<=50K
18,Private,145714,Preschool,2,Married-civ-spouse,Adm-clerical,Wife,White,Male,0,0,79,United-States,>50K
66,Private,926662,HS-grad,8,Married-civ-spouse,Handlers-cleaners,Other-relative,White,Male,0,0,32,United-States,>50K
46,Private,112190,5th-6th,15,Married-civ-spouse,Priv-house-serv,Unmarried,White,Male,0,0,55,United-States,>50K
43,Private,542640,12th,7,Married-civ-spouse,Exec-managerial,Other-relative,White,Female,0,0,53,United-States,<=50K
62,Self-emp,667396,11th,12,Married-civ-spouse,Prof-specialty,Own-child,Black,Male,0,0,57,United-States,>50K
88,Private,729452,Bachelors,1,Married-civ-spouse,Farming-fishing,Unmarried,White,Male,0,0,61,United-States,<=50K
29,Private,549010,5th-6th,5,Never-married,Adm-clerical,Unmarried,White,Male,0,0,17,United-States,<=50K
49,Self-emp,844756,Assoc-voc,10,Married-civ-spouse,Tech-support,Own-child,White,Male,0,0,64,United-States,>50K
37,Private,157258,1st-4th,6,Married-civ-spouse,Transport-moving,Husband,White,Male,0,0,75,United-States,>50K
68,Private,855517,12th,5,Divorced,Adm-clerical,Wife,Asian-Pac-Islander,Female,0,0,86,United-States,<=50K
53,Without-pay,380147,Assoc-acdm,4,Married-civ-spouse,Prof-specialty,Husband,White,Female,0,0,49,United-States,<=50K
84,Government,924933,Some-college,14,Married-civ-spouse,Priv-house-serv,Other-relative,White,Male,0,0,94,United-States,>50K
18,Self-emp,783608,Some-college,13,Never-married,Sales,Not-in-family,White,Female,0,0,40,United-States,<=50K
44,Private,101487,11th,1,Never-married,Priv-house-serv,Other-relative,White,Male,0,0,57,United-States,>50K
57,Private,199969,9th,7,Never-married,Exec-managerial,Not-in-family,Black,Female,0,0,70,United-States,<=50K
31,Government,798713,9th,9,Married-civ-spouse,Protective-serv,Wife,White,Female,0,0,61,United-States,<=50K
86,Private,106231,12th,6,Widowed,Tech-support,Wife,White,Male,0,0,47,United-States,>50K
23,Government,269965,5th-6th,3,Married-civ-spouse,Handlers-cleaners,Unmarried,White,Female,0,0,45,United-States,>50K
50,Private,446044,12th,15,Married-civ-spouse,Protective-serv,Wife,White,Male,0,0,96,United-States,>50K
72,Private,929105,12th,10,Divorced,Protective-serv,Own-child,White,Male,0,0,64,United-States,>50K
36,Without-pay,448003,Preschool,14,Never-married,Machine-op-inspct,Own-child,Black,Female,0,2506,94,United-States,<=50K
46,Private,906408,1st-4th,4,Married-civ-spouse,Transport-moving,Not-in-family,White,Male,0,0,22,United-States,<=50K
78,Private,928803,12th,10,Never-married,Exec-managerial,Husband,Black,Male,0,0,46,United-States,>50K
87,Private,68054,Masters,5,Never-married,Craft-repair,Unmarried,White,Male,0,0,56,United-States,<=50K
41,Private,418010,Doctorate,15,Married-civ-spouse,Machine-op-inspct,Husband,White,Female,0,0,80,United-States,>50K
40,Private,367828,1st-4th,12,Never-married,Farming-fishing,Not-in-family,White,Male,0,0,31,United-States,<=50K
27,Private,647340,9th,12,Married-civ-spouse,Handlers-cleaners,Own-child,White,Male,0,0,48,United-States,<=50K
71,Private,194391,Assoc-voc,1,Married-civ-spouse,Farming-fishing,Other-relative,Black,Female,0,0,96,United-States,<=50K
58,Self-emp,157098,Doctorate,5,Married-civ-spouse,Adm-clerical,Unmarried,White,Female,0,0,67,India,>50K
66,Private,893065,Some-college,1,Never-married,Sales,Not-in-family,White,Male,0,0,39,United-States,>50K
34,Without-pay,945934,Bachelors,9,Married-civ-spouse,Transport-moving,Husband,White,Male,94056,0,27,United-States,>50K
73,Private,975289,Assoc-acdm,7,Never-married,Adm-clerical,Not-in-family,White,Male,0,0,27,United-States,>50K
62,Private,635473,Masters,3,Separated,Sales,Not-in-family,White,Male,0,0,83,United-States,<=50K
47,Private,949362,9th,9,Separated,Other-service,Wife,White,Male,0,0,48,United-States,>50K
61,Self-emp,388649,Bachelors,2,Married-civ-spouse,Transport-moving,Own-child,White,Female,0,0,35,United-States,<=50K
72,Without-pay,356262,11th,12,Married-civ-spouse,Other-service,Unmarried,White,Male,0,0,80,United-States,>50K
36,Self-emp,406548,5th-6th,7,Married-civ-spouse,Farming-fishing,Wife,White,Male,0,0,16,United-States,>50K
46,Private,699231,Bachelors,9,Never-married,Craft-repair,Own-child,White,Male,0,0,78,United-States,>50K
19,Private,471929,12th,6,Widowed,Farming-fishing,Not-in-family,White,Female,0,0,74,United-States,<=50K
53,Self-emp,169242,7th-8th,10,Never-married,Other-service,Own-child,White,Male,0,0,55,United-States,>50K
36,Government,644258,Assoc-voc,5,Divorced,Armed-Forces,Husband,Amer-Indian-Eskimo,Female,0,0,27,United-States,<=50K
24,Without-pay,522719,Doctorate,12,Married-civ-spouse,Machine-op-inspct,Unmarried,White,Male,0,1631,22,United-States,<=50K
43,Private,73455,9th,7,Never-married,Transport-moving,Wife,White,Male,74925,723,34,United-States,<=50K
55,Without-pay,499355,7th-8th,14,Married-civ-spouse,Machine-op-inspct,Unmarried,White,Female,0,0,17,United-States,<=50K
20,Private,634769,11th,15,Married-civ-spouse,Craft-repair,Not-in-family,White,Male,0,0,83,United-States,<=50K
83,Private,519098,12th,15,Never-married,Transport-moving,Husband,White,Female,0,0,41,United-States,<=50K
88,Private,227493,Masters,6,Divorced,Craft-repair,Own-child,White,Male,0,0,26,United-States,>50K
60,Private,310953,Some-college,5,Married-civ-spouse,Craft-repair,Own-child,White,Male,0,0,88,United-States,>50K
79,Self-emp,105264,Assoc-acdm,14,Married-civ-spouse,Farming-fishing,Husband,White,Female,0,0,88,United-States,<=50K
88,Government,739623,Prof-school,2,Married-civ-spouse,Handlers-cleaners,Own-child,White,Male,0,0,57,United-States,<=50K
41,Self-emp,876500,HS-grad,8,Never-married,Prof-specialty,Wife,White,Female,0,0,72,United-States,<=50K
56,Private,574116,Assoc-acdm,15,Married-civ-spouse,Priv-house-serv,Other-relative,Black,Male,0,0,49,United-States,>50K
85,Private,363325,5th-6th,13,Never-married,Transport-moving,Own-child,White,Male,0,0,93,United-States,>50K
61,Self-emp,55329,Assoc-acdm,7,Married-civ-spouse,Tech-support,Not-in-family,White,Female,0,0,24,United-States,<=50K
22,Private,204278,1st-4th,6,Divorced,Craft-repair,Own-child,Black,Male,0,0,15,United-States,<=50K
72,Self-emp,165780,11th,5,Married-civ-spouse,Armed-Forces,Unmarried,White,Male,0,0,72,United-States,>50K
47,Private,485399,Doctorate,5,Married-civ-spouse,Tech-support,Not-in-family,White,Male,0,0,17,United-States,<=50K
46,Private,812388,Some-college,9,Never-married,Priv-house-serv,Own-child,White,Male,37539,0,41,United-States,<=50K
43,Private,508488,7th-8th,1,Never-married,Transport-moving,Own-child,Black,Male,0,0,54,United-States,<=50K
43,Government,749332,9th,9,Married-civ-spouse,Handlers-cleaners,Not-in-family,White,Male,0,0,61,United-States,>50K
54,Private,860188,Doctorate,6,Divorced,Prof-specialty,Wife,Black,Female,0,0,88,United-States,>50K
70,Private,113250,HS-grad,4,Never-married,Craft-repair,Other-relative,White,Female,69793,0,91,United-States,<=50K
47,Self-emp,877036,Assoc-acdm,10,Married-civ-spouse,Craft-repair,Other-relative,White,Female,0,0,22,United-States,>50K
20,Private,622033,11th,14,Married-civ-spouse,Craft-repair,Wife,Black,Female,0,0,33,United-States,>50K
60,Government,220340,Preschool,7,Married-civ-spouse,Machine-op-inspct,Own-child,White,Male,0,0,49,United-States,>50K
24,Private,597097,Masters,9,Divorced,Armed-Forces,Other-relative,White,Male,0,0,23,United-States,>50K
66,Private,622252,9th,5,Married-civ-spouse,Handlers-cleaners,Wife,White,Female,88308,1932,84,United-States,<=50K
58,Government,538377,11th,14,Married-civ-spouse,Tech-support,Wife,White,Female,0,0,79,United-States,>50K
71,Private,827220,Some-college,5,Divorced,Sales,Other-relative,Black,Male,0,0,71,United-States,<=50K
86,Private,627247,5th-6th,8,Separated,Transport-moving,Not-in-family,White,Male,0,0,98,United-States,>50K
44,Private,501877,Assoc-voc,7,Married-civ-spouse,Sales,Husband,White,Male,77326,0,70,United-States,<=50K
25,Private,89535,Doctorate,13,Married-civ-spouse,Handlers-cleaners,Not-in-family,White,Male,0,0,10,United-States,>50K
49,Private,507025,Preschool,13,Divorced,Craft-repair,Own-child,White,Female,0,0,98,United-States,>50K
81,Private,260180,11th,8,Married-civ-spouse,Sales,Not-in-family,White,Male,0,0,75,United-States,>50K
27,Government,608766,10th,11,Married-civ-spouse,Tech-support,Unmarried,White,Male,0,0,41,Philippines,<=50K
30,Self-emp,419056,7th-8th,12,Divorced,Protective-serv,Husband,White,Female,0,0,22,United-States,<=50K
80,Private,668610,5th-6th,10,Never-married,Protective-serv,Husband,Amer-Indian-Eskimo,Male,56220,0,42,United-States,<=50K
52,Private,792591,11th,2,Never-married,Transport-moving,Wife,White,Male,0,0,41,United-States,>50K
78,Private,590002,5th-6th,9,Married-civ-spouse,Transport-moving,Unmarried,White,Male,0,0,65,United-States,>50K
71,Private,208866,9th,3,Never-married,Sales,Own-child,Asian-Pac-Islander,Female,0,0,33,United-States,>50K
25,Private,248478,Some-college,6,Married-civ-spouse,Transport-moving,Wife,White,Female,0,0,13,United-States,<=50K
46,Private,783858,7th-8th,6,Married-civ-spouse,Armed-Forces,Not-in-family,White,Male,0,0,97,United-States,>50K
58,Private,881790,Bachelors,2,Separated,Tech-support,Not-in-family,White,Female,0,0,32,United-States,<=50K
47,Private,788816,1st-4th,12,Never-married,Craft-repair,Other-relative,Black,Male,0,0,38,India,<=50K
38,Private,876469,11th,13,Married-civ-spouse,Craft-repair,Wife,White,Female,0,0,30,United-States,<=50K
28,Self-emp,65509,Masters,7,Married-civ-spouse,Priv-house-serv,Unmarried,Asian-Pac-Islander,Female,0,0,39,United-States,<=50K
19,Self-emp,807200,Doctorate,9,Married-civ-spouse,Farming-fishing,Wife,White,Female,0,0,29,United-States,>50K
67,Private,396895,Some-college,12,Divorced,Priv-house-serv,Wife,White,Male,0,0,25,United-States,>50K
58,Self-emp,598972,10th,10,Never-married,Other-service,Wife,White,Female,0,0,76,United-States,>50K
83,Private,917266,Doctorate,11,Married-civ-spouse,Machine-op-inspct,Husband,White,Female,0,0,58,United-States,>50K
20,Government,391822,10th,1,Married-civ-spouse,Transport-moving,Other-relative,White,Male,0,0,67,United-States,>50K
68,Private,975503,1st-4th,8,Married-civ-spouse,Prof-specialty,Own-child,White,Female,0,0,53,United-States,<=50K
85,Self-emp,28167,5th-6th,2,Married-civ-spouse,Prof-specialty,Own-child,White,Male,0,0,34,United-States,>50K
42,Private,715605,Assoc-voc,14,Never-married,Adm-clerical,Own-child,White,Female,0,0,32,United-States,<=50K
47,Private,266051,Prof-school,1,Never-married,Machine-op-inspct,Husband,White,Male,0,0,68,United-States,>50K
28,Private,227524,5th-6th,8,Married-civ-spouse,Craft-repair,Other-relative,White,Female,0,0,10,United-States,>50K
34,Private,320649,9th,2,Married-civ-spouse,Prof-specialty,Unmarried,White,Male,0,1112,24,United-States,<=50K
43,Private,801549,Some-college,6,Married-civ-spouse,Tech-support,Other-relative,White,Male,0,0,90,United-States,<=50K
40,Private,837138,9th,15,Divorced,Protective-serv,Husband,White,Male,0,0,90,United-States,<=50K
73,Self-emp,796158,Assoc-voc,6,Married-civ-spouse,Armed-Forces,Unmarried,White,Male,0,0,61,United-States,<=50K
69,Private,413549,1st-4th,5,Divorced,Adm-clerical,Wife,White,Male,0,0,67,United-States,<=50K
65,Private,763198,Masters,8,Married-civ-spouse,Sales,Not-in-family,White,Male,0,0,50,United-States,<=50K
37,Private,811354,Prof-school,3,Married-civ-spouse,Sales,Wife,Black,Male,0,0,53,Mexico,>50K
19,Without-pay,356197,Some-college,13,Never-married,Adm-clerical,Own-child,White,Male,0,0,13,United-States,>50K
48,Self-emp,592149,12th,10,Married-civ-spouse,Other-service,Wife,White,Male,0,0,86,United-States,>50K
44,Self-emp,952821,Masters,15,Never-married,Exec-managerial,Husband,White,Female,0,0,77,United-States,<=50K
19,Private,212728,Assoc-voc,4,Divorced,Tech-support,Own-child,White,Male,0,0,16,United-States,<=50K
21,Private,536765,12th,7,Never-married,Prof-specialty,Not-in-family,White,Female,0,0,55,United-States,<=50K
30,Private,883310,HS-grad,15,Married-civ-spouse,Other-service,Unmarried,White,Female,0,0,18,United-States,<=50K
52,Private,278281,HS-grad,7,Never-married,Tech-support,Unmarried,White,Male,27507,0,96,United-States,>50K
89,Private,307788,9th,13,Married-civ-spouse,Farming-fishing,Own-child,White,Male,0,0,42,United-States,>50K
83,Private,108346,Assoc-acdm,12,Separated,Prof-specialty,Wife,White,Female,0,0,42,United-States,<=50K
23,Private,138823,7th-8th,14,Never-married,Armed-Forces,Other-relative,White,Male,0,0,93,United-States,>50K
48,Private,441813,Masters,8,Married-civ-spouse,Priv-house-serv,Other-relative,White,Male,0,0,13,United-States,>50K
27,Private,783489,5th-6th,2,Married-civ-spouse,Farming-fishing,Unmarried,White,Male,0,0,74,United-States,<=50K
38,Government,149667,Some-college,11,Never-married,Craft-repair,Other-relative,Amer-Indian-Eskimo,Female,0,0,43,Philippines,<=50K
40,Private,166974,Prof-school,12,Never-married,Machine-op-inspct,Own-child,White,Male,74829,0,94,Other,<=50K
20,Self-emp,56261,Assoc-acdm,2,Never-married,Armed-Forces,Other-relative,White,Male,0,0,97,Philippines,>50K
49,Private,905144,9th,4,Never-married,Protective-serv,Husband,Black,Female,0,0,88,United-States,<=50K
37,Private,622554,HS-grad,13,Never-married,Transport-moving,Unmarried,White,Female,0,0,73,United-States,>50K
46,Private,377297,Masters,10,Divorced,Priv-house-serv,Not-in-family,White,Male,0,0,34,United-States,>50K
69,Self-emp,934190,Assoc-voc,13,Married-civ-spouse,Craft-repair,Other-relative,White,Male,0,0,64,United-States,>50K
63,Private,184181,Masters,9,Married-civ-spouse,Sales,Husband,Black,Female,0,0,18,United-States,<=50K
51,Government,597327,Assoc-voc,10,Never-married,Armed-Forces,Husband,White,Male,0,0,26,United-States,<=50K
78,Private,69737,HS-grad,12,Married-civ-spouse,Other-service,Own-child,White,Male,0,0,30,United-States,<=50K
89,Private,717162,Preschool,9,Divorced,Adm-clerical,Unmarried,White,Male,0,0,69,United-States,>50K
88,Self-emp,366793,Bachelors,13,Married-civ-spouse,Craft-repair,Own-child,Asian-Pac-Islander,Female,0,0,22,United-States,<=50K
87,Private,784393,11th,13,Never-married,Other-service,Not-in-family,White,Male,0,0,12,Mexico,<=50K
28,Self-emp,762822,Some-college,4,Married-civ-spouse,Handlers-cleaners,Not-in-family,White,Female,0,0,77,United-States,<=50K
80,Private,222269,10th,9,Divorced,Sales,Wife,Black,Female,0,0,13,United-States,<=50K
38,Private,584317,10th,15,Divorced,Prof-specialty,Not-in-family,White,Male,54546,0,16,United-States,>50K
20,Self-emp,306798,1st-4th,14,Married-civ-spouse,Other-service,Unmarried,White,Male,0,0,35,United-States,>50K
27,Government,207911,11th,3,Never-married,Tech-support,Unmarried,White,Male,0,0,84,United-States,>50K
44,Private,454108,Prof-school,12,Divorced,Transport-moving,Own-child,White,Male,0,0,33,Philippines,>50K
29,Self-emp,879464,Masters,5,Never-married,Prof-specialty,Husband,Black,Male,86075,0,19,Other,<=50K
24,Private,521780,1st-4th,10,Married-civ-spouse,Sales,Wife,White,Female,0,0,22,India,<=50K
34,Self-emp,468152,Bachelors,9,Married-civ-spouse,Craft-repair,Not-in-family,White,Male,0,0,53,United-States,>50K
82,Private,753320,Prof-school,6,Married-civ-spouse,Handlers-cleaners,Husband,White,Female,0,0,48,United-States,<=50K
81,Private,607276,Some-college,3,Married-civ-spouse,Farming-fishing,Own-child,White,Male,0,0,28,United-States,<=50K
43,Private,926126,Preschool,10,Married-civ-spouse,Protective-serv,Other-relative,Asian-Pac-Islander,Male,0,0,60,United-States,>50K
32,Private,298618,Doctorate,9,Married-civ-spouse,Priv-house-serv,Wife,White,Male,0,1474,28,United-States,>50K
50,Private,442102,HS-grad,6,Never-married,Protective-serv,Unmarried,White,Male,62525,0,85,United-States,<=50K
79,Private,631697,Assoc-acdm,4,Never-married,Exec-managerial,Husband,White,Female,0,0,61,United-States,>50K
64,Private,772103,Preschool,14,Separated,Prof-specialty,Own-child,Black,Male,0,0,95,United-States,>50K
52,Without-pay,131483,Preschool,4,Separated,Prof-specialty,Own-child,White,Male,0,0,56,United-States,<=50K
82,Private,787092,7th-8th,8,Divorced,Armed-Forces,Wife,White,Male,0,0,39,United-States,<=50K
89,Private,512972,12th,7,Divorced,Adm-clerical,Wife,White,Male,0,0,55,Philippines,<=50K
42,Private,24426,Assoc-acdm,1,Married-civ-spouse,Priv-house-serv,Not-in-family,White,Male,70472,0,85,United-States,<=50K
74,Government,960839,12th,6,Married-civ-spouse,Craft-repair,Not-in-family,White,Male,92281,0,30,Philippines,>50K
49,Private,136689,10th,8,Never-married,Priv-house-serv,Unmarried,White,Female,0,0,84,United-States,<=50K
80,Private,564829,Masters,3,Never-married,Prof-specialty,Unmarried,White,Male,0,0,57,United-States,<=50K
29,Private,917078,1st-4th,14,Never-married,Adm-clerical,Wife,White,Female,0,0,71,United-States,>50K
80,Private,347060,Some-college,9,Never-married,Priv-house-serv,Wife,White,Male,0,0,67,United-States,<=50K
18,Private,397619,9th,10,Married-civ-spouse,Sales,Husband,Black,Male,0,0,27,United-States,>50K
68,Private,240729,Prof-school,2,Divorced,Protective-serv,Not-in-family,White,Male,0,0,68,United-States,<=50K
87,Private,873772,Preschool,14,Married-civ-spouse,Priv-house-serv,Own-child,Other,Male,0,0,57,United-States,>50K
25,Private,253791,7th-8th,6,Widowed,Protective-serv,Not-in-family,White,Male,0,0,72,United-States,<=50K
85,Private,522933,5th-6th,12,Separated,Protective-serv,Not-in-family,White,Male,0,2858,21,United-States,>50K
22,Private,101092,12th,1,Divorced,Transport-moving,Wife,Black,Male,0,0,96,United-States,>50K
56,Private,670325,7th-8th,12,Married-civ-spouse,Prof-specialty,Wife,White,Male,0,0,43,United-States,<=50K
40,Government,468920,HS-grad,11,Married-civ-spouse,Handlers-cleaners,Not-in-family,White,Male,0,0,70,United-States,>50K
85,Government,132400,10th,15,Married-civ-spouse,Tech-support,Other-relative,Amer-Indian-Eskimo,Female,0,0,96,United-States,<=50K
69,Private,185196,Bachelors,2,Never-married,Exec-managerial,Other-relative,White,Male,0,0,62,United-States,>50K
21,Private,995711,Masters,13,Married-civ-spouse,Sales,Unmarried,White,Male,67704,0,34,United-States,<=50K
64,Private,419978,Doctorate,5,Married-civ-spouse,Protective-serv,Not-in-family,White,Male,0,0,71,United-States,>50K
38,Private,957408,7th-8th,1,Married-civ-spouse,Protective-serv,Other-relative,White,Male,0,0,13,United-States,<=50K
73,Private,339612,7th-8th,8,Separated,Protective-serv,Unmarried,White,Male,0,0,22,United-States,<=50K
83,Private,548501,9th,1,Divorced,Farming-fishing,Unmarried,White,Male,0,0,51,United-States,<=50K
76,Government,174033,Prof-school,13,Never-married,Craft-repair,Not-in-family,White,Male,0,0,58,United-States,<=50K
24,Government,296983,Prof-school,9,Married-civ-spouse,Craft-repair,Unmarried,White,Male,0,2467,87,United-States,<=50K
66,Private,433158,12th,10,Married-civ-spouse,Craft-repair,Wife,White,Male,0,0,65,United-States,>50K
33,Private,302469,Assoc-acdm,11,Married-civ-spouse,Handlers-cleaners,Wife,White,Male,0,0,56,United-States,>50K
34,Government,101583,Preschool,3,Never-married,Transport-moving,Wife,White,Male,0,0,17,United-States,<=50K
51,Government,20207,Bachelors,12,Never-married,Protective-serv,Own-child,White,Male,0,0,64,United-States,<=50K
50,Government,892403,7th-8th,2,Divorced,Transport-moving,Wife,White,Male,0,0,97,United-States,<=50K
43,Private,473368,Prof-school,15,Married-civ-spouse,Sales,Wife,White,Female,0,0,27,United-States,>50K
83,Private,637606,Assoc-voc,1,Never-married,Prof-specialty,Not-in-family,White,Male,0,0,44,United-States,>50K
80,Private,214486,Masters,9,Never-married,Handlers-cleaners,Other-relative,White,Male,0,0,98,United-States,>50K
58,Private,418030,Preschool,15,Married-civ-spouse,Adm-clerical,Other-relative,Black,Male,0,0,90,United-States,>50K
75,Private,289828,5th-6th,4,Married-civ-spouse,Transport-moving,Wife,White,Female,0,0,41,United-States,<=50K
27,Private,701328,9th,12,Never-married,Craft-repair,Wife,White,Male,0,0,33,United-States,<=50K
32,Government,799805,Prof-school,1,Divorced,Farming-fishing,Wife,White,Male,0,0,16,United-States,<=50K
59,Government,100685,11th,1,Widowed,Priv-house-serv,Unmarried,White,Male,15880,0,22,United-States,<=50K
74,Private,642321,Assoc-acdm,7,Never-married,Protective-serv,Not-in-family,Black,Male,0,0,78,United-States,>50K
34,Government,896119,Assoc-voc,2,Married-civ-spouse,Adm-clerical,Not-in-family,Black,Male,0,0,51,United-States,<=50K
77,Private,549466,10th,7,Never-married,Transport-moving,Not-in-family,White,Male,0,930,40,United-States,>50K
26,Self-emp,298100,Doctorate,12,Married-civ-spouse,Exec-managerial,Other-relative,White,Female,0,0,83,United-States,>50K
53,Private,914657,HS-grad,15,Never-married,Protective-serv,Own-child,Black,Male,0,0,35,United-States,<=50K
53,Private,992187,7th-8th,7,Divorced,Prof-specialty,Other-relative,Asian-Pac-Islander,Female,0,0,95,United-States,>50K
65,Private,574980,Doctorate,15,Divorced,Prof-specialty,Not-in-family,White,Female,0,0,85,United-States,>50K
68,Private,578407,Masters,10,Never-married,Transport-moving,Husband,White,Male,0,0,41,United-States,<=50K
87,Private,363779,HS-grad,14,Never-married,Other-service,Own-child,White,Male,0,0,61,United-States,>50K
85,Private,539279,Masters,9,Never-married,Transport-moving,Wife,Asian-Pac-Islander,Male,0,0,29,United-States,<=50K
39,Without-pay,801634,12th,13,Married-civ-spouse,Transport-moving,Unmarried,White,Male,0,0,49,United-States,>50K
23,Private,661780,Some-college,7,Married-civ-spouse,Farming-fishing,Other-relative,White,Male,0,0,68,United-States,<=50K
43,Private,292460,7th-8th,13,Never-married,Handlers-cleaners,Unmarried,White,Female,99881,0,86,United-States,>50K
20,Private,563983,HS-grad,14,Separated,Protective-serv,Own-child,White,Female,0,0,23,United-States,<=50K
69,Private,931126,HS-grad,1,Married-civ-spouse,Handlers-cleaners,Husband,White,Male,0,0,53,United-States,<=50K
77,Private,988241,12th,12,Married-civ-spouse,Machine-op-inspct,Own-child,Other,Male,0,0,95,United-States,<=50K
80,Self-emp,911584,Bachelors,13,Married-civ-spouse,Exec-managerial,Other-relative,White,Female,0,0,91,United-States,>50K
82,Private,853564,Doctorate,8,Divorced,Craft-repair,Not-in-family,White,Female,0,0,57,United-States,<=50K
69,Private,798042,Some-college,8,Never-married,Protective-serv,Wife,White,Female,58499,0,52,United-States,<=50K
31,Self-emp,969076,1st-4th,4,Never-married,Other-service,Not-in-family,White,Male,0,0,25,Mexico,>50K
89,Private,136092,11th,13,Separated,Adm-clerical,Not-in-family,White,Male,0,0,44,United-States,<=50K
85,Private,420204,Assoc-voc,8,Never-married,Prof-specialty,Other-relative,White,Male,0,0,62,United-States,>50K
45,Government,105862,1st-4th,4,Married-civ-spouse,Machine-op-inspct,Not-in-family,White,Male,77363,0,43,United-States,>50K
88,Private,788015,7th-8th,15,Never-married,Machine-op-inspct,Not-in-family,White,Male,0,0,12,United-States,>50K
27,Private,207228,1st-4th,8,Never-married,Armed-Forces,Other-relative,White,Male,0,0,77,United-States,>50K
74,Government,418551,Prof-school,5,Widowed,Exec-managerial,Other-relative,White,Female,0,0,14,Mexico,>50K
83,Private,799034,HS-grad,4,Married-civ-spouse,Tech-support,Husband,Asian-Pac-Islander,Male,0,0,19,United-States,>50K
67,Private,888727,10th,6,Married-civ-spouse,Prof-specialty,Not-in-family,Black,Male,0,0,61,United-States,>50K
31,Without-pay,327769,Some-college,2,Married-civ-spouse,Handlers-cleaners,Own-child,White,Male,0,0,38,United-States,>50K
33,Private,882152,Doctorate,12,Divorced,Adm-clerical,Wife,White,Male,0,0,40,United-States,>50K
71,Private,770762,10th,2,Married-civ-spouse,Craft-repair,Unmarried,Black,Male,0,0,75,Philippines,>50K
60,Government,491674,1st-4th,2,Never-married,Priv-house-serv,Wife,White,Male,0,0,85,United-States,<=50K
59,Government,378608,Doctorate,9,Never-married,Protective-serv,Other-relative,White,Female,0,0,78,United-States,<=50K
39,Private,877366,Preschool,15,Married-civ-spouse,Craft-repair,Unmarried,Asian-Pac-Islander,Male,0,0,46,United-States,<=50K
85,Private,234537,Assoc-voc,14,Divorced,Farming-fishing,Other-relative,White,Male,0,0,36,India,>50K
36,Self-emp,726615,Assoc-acdm,10,Never-married,Tech-support,Husband,White,Male,0,0,96,United-States,>50K
83,Self-emp,725621,1st-4th,3,Divorced,Exec-managerial,Not-in-family,Asian-Pac-Islander,Female,0,0,42,United-States,>50K
56,Private,508201,1st-4th,15,Married-civ-spouse,Craft-repair,Other-relative,White,Male,0,0,77,United-States,>50K
36,Private,25903,Assoc-voc,10,Married-civ-spouse,Other-service,Other-relative,White,Female,0,0,68,United-States,<=50K
33,Private,938813,9th,4,Divorced,Craft-repair,Wife,White,Male,0,0,73,United-States,<=50K
71,Government,962987,7th-8th,10,Married-civ-spouse,Transport-moving,Not-in-family,White,Male,0,0,94,United-States,>50K
42,Government,768003,12th,12,Divorced,Sales,Husband,White,Male,0,0,97,United-States,>50K
35,Government,18070,Prof-school,8,Widowed,Transport-moving,Other-relative,White,Male,0,0,53,Canada,<=50K
40,Government,393522,Masters,4,Never-married,Other-service,Other-relative,Other,Female,0,0,97,United-States,<=50K
28,Private,43217,Prof-school,11,Married-civ-spouse,Adm-clerical,Other-relative,White,Male,77860,0,58,United-States,>50K
56,Private,925733,HS-grad,10,Married-civ-spouse,Farming-fishing,Wife,White,Female,0,0,62,United-States,>50K
85,Self-emp,367105,Masters,10,Separated,Priv-house-serv,Other-relative,White,Female,0,0,83,United-States,<=50K
42,Self-emp,268453,11th,13,Never-married,Craft-repair,Other-relative,White,Male,0,0,58,United-States,>50K
80,Private,71305,10th,7,Divorced,Handlers-cleaners,Wife,White,Female,0,0,75,United-States,<=50K
47,Private,25106,Assoc-voc,5,Married-civ-spouse,Transport-moving,Other-relative,Amer-Indian-Eskimo,Male,83392,0,72,Germany,>50K
62,Government,830269,10th,9,Never-married,Armed-Forces,Not-in-family,Black,Male,0,0,34,United-States,>50K
78,Private,800449,10th,4,Married-civ-spouse,Other-service,Not-in-family,White,Male,0,0,13,United-States,>50K
68,Private,39420,Prof-school,3,Married-civ-spouse,Farming-fishing,Wife,White,Male,0,0,60,United-States,>50K
26,Private,496919,Assoc-voc,13,Married-civ-spouse,Machine-op-inspct,Not-in-family,White,Male,0,0,20,United-States,<=50K
19,Private,897555,5th-6th,2,Married-civ-spouse,Sales,Unmarried,White,Male,0,0,26,United-States,>50K
22,Private,285726,Some-college,1,Married-civ-spouse,Armed-Forces,Unmarried,White,Male,0,0,75,United-States,>50K
79,Self-emp,89403,7th-8th,11,Married-civ-spouse,Sales,Unmarried,White,Male,0,0,79,United-States,<=50K
86,Private,478979,7th-8th,6,Married-civ-spouse,Adm-clerical,Husband,Other,Male,0,0,82,United-States,>50K
69,Private,904118,10th,10,Never-married,Transport-moving,Other-relative,White,Male,0,0,78,United-States,>50K
22,Private,715911,7th-8th,2,Divorced,Other-service,Husband,White,Male,0,0,93,United-States,>50K
76,Self-emp,353627,10th,8,Married-civ-spouse,Handlers-cleaners,Not-in-family,White,Male,0,0,38,United-States,>50K
85,Government,873900,10th,6,Separated,Tech-support,Wife,White,Female,0,193,94,United-States,<=50K
26,Self-emp,782296,Prof-school,12,Married-civ-spouse,Handlers-cleaners,Unmarried,White,Male,0,0,82,Germany,>50K
39,Government,676345,Doctorate,12,Married-civ-spouse,Farming-fishing,Wife,White,Female,95761,0,81,United-States,<=50K
44,Private,933879,12th,5,Married-civ-spouse,Transport-moving,Husband,White,Female,0,0,29,Philippines,<=50K
27,Private,287949,1st-4th,13,Never-married,Craft-repair,Not-in-family,White,Male,0,0,36,United-States,<=50K
78,Private,27107,7th-8th,2,Married-civ-spouse,Priv-house-serv,Other-relative,White,Female,0,2955,17,United-States,<=50K
68,Private,707761,Bachelors,7,Married-civ-spouse,Armed-Forces,Not-in-family,White,Male,0,0,94,United-States,>50K
27,Self-emp,83071,Some-college,2,Divorced,Armed-Forces,Unmarried,White,Male,0,0,70,Mexico,<=50K
23,Private,965092,12th,13,Divorced,Prof-specialty,Not-in-family,White,Female,0,0,37,Philippines,<=50K
79,Government,943974,Prof-school,14,Never-married,Protective-serv,Wife,White,Male,0,0,96,United-States,<=50K
22,Private,689441,Prof-school,5,Never-married,Adm-clerical,Own-child,White,Female,0,0,79,United-States,<=50K
87,Private,541134,Assoc-acdm,2,Separated,Prof-specialty,Unmarried,White,Female,0,0,12,United-States,>50K
80,Private,778819,Doctorate,11,Married-civ-spouse,Other-service,Other-relative,White,Female,0,0,78,United-States,>50K
73,Private,866117,9th,10,Married-civ-spouse,Tech-support,Unmarried,White,Female,0,0,82,Canada,>50K
76,Private,257511,1st-4th,11,Widowed,Priv-house-serv,Unmarried,White,Male,0,0,16,United-States,<=50K
80,Private,242796,Bachelors,11,Never-married,Priv-house-serv,Other-relative,White,Male,0,0,69,United-States,>50K
76,Private,302069,12th,2,Never-married,Sales,Unmarried,White,Male,0,0,13,United-States,<=50K
68,Private,326133,1st-4th,15,Married-civ-spouse,Sales,Wife,White,Male,0,0,14,United-States,>50K
67,Private,385477,7th-8th,7,Married-civ-spouse,Protective-serv,Not-in-family,Asian-Pac-Islander,Male,0,0,20,United-States,>50K
21,Private,258243,HS-grad,9,Married-civ-spouse,Machine-op-inspct,Wife,White,Female,0,0,24,United-States,>50K
65,Private,78748,9th,5,Married-civ-spouse,Farming-fishing,Not-in-family,Black,Female,0,0,73,United-States,<=50K
49,Private,255023,1st-4th,7,Married-civ-spouse,Farming-fishing,Own-child,White,Male,0,0,22,United-States,<=50K
68,Private,472674,5th-6th,4,Married-civ-spouse,Armed-Forces,Unmarried,White,Male,0,0,16,United-States,<=50K
69,Private,892512,10th,2,Divorced,Protective-serv,Own-child,Black,Male,0,0,15,United-States,<=50K
51,Private,369745,1st-4th,3,Married-civ-spouse,Handlers-cleaners,Husband,White,Male,0,0,65,United-States,>50K
53,Private,713057,Prof-school,2,Married-civ-spouse,Farming-fishing,Not-in-family,White,Female,35703,1663,73,United-States,>50K
87,Private,364745,Bachelors,5,Married-civ-spouse,Handlers-cleaners,Wife,White,Male,0,0,59,United-States,>50K
60,Private,294838,Doctorate,6,Married-civ-spouse,Handlers-cleaners,Wife,White,Male,0,0,39,United-States,>50K
33,Private,671402,7th-8th,15,Married-civ-spouse,Priv-house-serv,Unmarried,White,Male,0,0,31,United-States,>50K
76,Self-emp,149085,9th,15,Married-civ-spouse,Craft-repair,Wife,White,Male,0,0,34,United-States,>50K
70,Private,41285,Prof-school,7,Married-civ-spouse,Adm-clerical,Husband,Black,Male,0,0,37,United-States,>50K
36,Private,52446,Doctorate,3,Never-married,Prof-specialty,Other-relative,White,Male,0,0,93,United-States,<=50K
58,Self-emp,849111,5th-6th,4,Married-civ-spouse,Craft-repair,Wife,Asian-Pac-Islander,Male,0,0,48,Philippines,<=50K
64,Private,362328,Masters,8,Never-married,Tech-support,Unmarried,Asian-Pac-Islander,Male,35537,0,76,United-States,>50K
71,Self-emp,461284,Doctorate,4,Never-married,Transport-moving,Own-child,White,Male,0,0,14,United-States,>50K
72,Private,538042,HS-grad,7,Never-married,Tech-support,Wife,White,Female,0,0,74,United-States,<=50K
36,Private,526066,Preschool,12,Married-civ-spouse,Tech-support,Wife,Black,Male,0,0,24,United-States,<=50K
79,Self-emp,807619,9th,6,Married-civ-spouse,Sales,Wife,Asian-Pac-Islander,Male,0,0,76,United-States,>50K
76,Private,964637,7th-8th,7,Never-married,Sales,Unmarried,White,Male,0,0,49,United-States,<=50K
82,Private,264170,Assoc-voc,1,Widowed,Armed-Forces,Other-relative,White,Female,0,0,78,United-States,>50K
85,Private,386455,HS-grad,3,Separated,Priv-house-serv,Wife,White,Male,0,0,86,United-States,<=50K
45,Private,600370,Assoc-voc,6,Married-civ-spouse,Adm-clerical,Other-relative,White,Female,0,0,52,United-States,<=50K
35,Private,964001,Assoc-acdm,3,Divorced,Protective-serv,Other-relative,White,Male,0,0,10,United-States,<=50K
43,Private,115654,Masters,15,Never-married,Priv-house-serv,Husband,White,Male,0,0,31,United-States,<=50K
36,Self-emp,121693,1st-4th,14,Never-married,Priv-house-serv,Own-child,White,Male,0,2550,71,United-States,>50K
72,Self-emp,254019,11th,15,Divorced,Tech-support,Wife,White,Male,0,0,88,United-States,>50K
74,Private,982540,12th,14,Married-civ-spouse,Other-service,Wife,White,Female,0,0,35,United-States,>50K
23,Without-pay,451671,11th,7,Married-civ-spouse,Other-service,Wife,White,Male,0,0,27,United-States,>50K
18,Private,372416,Bachelors,9,Divorced,Machine-op-inspct,Other-relative,White,Male,0,0,57,United-States,<=50K
25,Private,761495,Doctorate,3,Never-married,Craft-repair,Not-in-family,White,Male,0,0,18,United-States,<=50K
68,Self-emp,14516,10th,14,Separated,Prof-specialty,Own-child,White,Male,0,0,10,United-States,<=50K
42,Self-emp,863227,Prof-school,1,Never-married,Transport-moving,Unmarried,White,Male,0,0,18,India,>50K
64,Self-emp,777809,9th,10,Married-civ-spouse,Sales,Wife,White,Male,0,0,32,Other,<=50K
72,Private,557664,1st-4th,15,Never-married,Protective-serv,Not-in-family,Asian-Pac-Islander,Female,0,0,54,United-States,>50K
81,Private,886108,Assoc-acdm,13,Married-civ-spouse,Farming-fishing,Not-in-family,White,Male,0,0,11,United-States,>50K
27,Government,619141,9th,6,Never-married,Prof-specialty,Not-in-family,White,Male,0,0,23,United-States,<=50K
73,Private,340189,Assoc-voc,12,Never-married,Protective-serv,Own-child,White,Female,1540,0,47,United-States,>50K
29,Private,54968,Some-college,1,Married-civ-spouse,Exec-managerial,Not-in-family,Amer-Indian-Eskimo,Male,0,271,49,United-States,<=50K
50,Private,939768,9th,1,Married-civ-spouse,Priv-house-serv,Unmarried,White,Female,0,0,72,United-States,<=50K
88,Self-emp,923992,HS-grad,14,Married-civ-spouse,Adm-clerical,Wife,White,Male,0,0,91,United-States,>50K
34,Private,159018,Masters,8,Married-civ-spouse,Adm-clerical,Unmarried,White,Female,0,0,25,United-States,<=50K
78,Private,959139,Prof-school,9,Never-married,Tech-support,Wife,White,Male,0,2636,84,United-States,>50K
27,Private,216885,Masters,2,Married-civ-spouse,Other-service,Husband,White,Female,0,0,15,United-States,<=50K
48,Private,36365,10th,9,Married-civ-spouse,Tech-support,Other-relative,White,Female,0,0,12,United-States,<=50K
77,Self-emp,165531,9th,5,Married-civ-spouse,Prof-specialty,Not-in-family,White,Male,0,0,23,United-States,>50K
87,Private,336057,Prof-school,13,Never-married,Priv-house-serv,Unmarried,White,Female,99708,0,75,United-States,>50K
34,Private,996709,Prof-school,8,Married-civ-spouse,Other-service,Other-relative,White,Male,0,0,84,United-States,<=50K
67,Private,106100,Preschool,7,Married-civ-spouse,Armed-Forces,Other-relative,White,Male,0,0,95,United-States,<=50K
54,Private,487617,Assoc-acdm,7,Never-married,Tech-support,Other-relative,White,Male,0,0,76,United-States,>50K
79,Private,66350,5th-6th,4,Married-civ-spouse,Prof-specialty,Other-relative,White,Male,0,0,40,United-States,>50K
89,Private,550876,Preschool,2,Married-civ-spouse,Exec-managerial,Other-relative,White,Male,0,0,42,United-States,<=50K
46,Private,156112,5th-6th,5,Never-married,Priv-house-serv,Wife,White,Male,0,0,97,United-States,<=50K
49,Private,682485,Assoc-voc,14,Married-civ-spouse,Priv-house-serv,Own-child,White,Male,35175,0,10,United-States,<=50K
28,Self-emp,793540,7th-8th,11,Never-married,Machine-op-inspct,Not-in-family,White,Female,0,0,53,United-States,<=50K
23,Self-emp,402948,Preschool,11,Divorced,Armed-Forces,Not-in-family,Asian-Pac-Islander,Female,0,0,24,United-States,<=50K
52,Private,171831,Doctorate,3,Divorced,Craft-repair,Wife,White,Male,0,0,46,United-States,<=50K
50,Private,512600,Masters,15,Married-civ-spouse,Machine-op-inspct,Unmarried,White,Male,0,0,36,Mexico,<=50K
35,Government,890038,Assoc-voc,14,Never-married,Priv-house-serv,Wife,White,Male,0,0,57,United-States,>50K
54,Private,606873,Assoc-acdm,9,Divorced,Exec-managerial,Other-relative,White,Male,0,0,36,United-States,>50K
30,Private,746412,5th-6th,6,Married-civ-spouse,Machine-op-inspct,Own-child,White,Male,0,0,21,United-States,<=50K
81,Self-emp,964535,1st-4th,1,Married-civ-spouse,Priv-house-serv,Not-in-family,White,Male,0,0,76,United-States,>50K
18,Private,329133,12th,3,Divorced,Farming-fishing,Unmarried,White,Male,0,0,39,United-States,>50K
80,Private,276881,HS-grad,12,Never-married,Sales,Husband,White,Female,98213,0,96,United-States,<=50K
51,Private,584545,Doctorate,4,Separated,Sales,Wife,White,Male,0,0,75,United-States,>50K
27,Private,353707,Masters,9,Never-married,Farming-fishing,Husband,White,Male,0,0,16,United-States,>50K
24,Government,770494,12th,11,Divorced,Sales,Not-in-family,White,Male,0,0,43,United-States,>50K
73,Private,806447,1st-4th,6,Married-civ-spouse,Armed-Forces,Wife,White,Male,0,0,41,United-States,>50K
54,Private,594279,Some-college,4,Never-married,Transport-moving,Not-in-family,White,Male,0,0,48,United-States,<=50K
46,Government,833397,Masters,1,Widowed,Prof-specialty,Wife,White,Male,0,0,52,United-States,<=50K
29,Government,156167,10th,8,Divorced,Sales,Unmarried,Asian-Pac-Islander,Male,0,0,52,United-States,<=50K
34,Private,156125,Masters,14,Married-civ-spouse,Adm-clerical,Not-in-family,Asian-Pac-Islander,Male,0,0,87,United-States,>50K
65,Private,386920,5th-6th,11,Married-civ-spouse,Adm-clerical,Husband,White,Female,0,0,12,United-States,>50K
43,Private,172591,7th-8th,2,Married-civ-spouse,Other-service,Own-child,White,Female,0,0,55,United-States,>50K
29,Self-emp,335530,12th,11,Divorced,Handlers-cleaners,Unmarried,White,Male,0,0,41,Germany,>50K
38,Private,521285,Masters,15,Separated,Priv-house-serv,Unmarried,White,Male,0,0,52,United-States,<=50K
59,Private,924015,Prof-school,11,Married-civ-spouse,Exec-managerial,Wife,White,Male,97774,0,90,United-States,>50K
78,Private,118702,Preschool,8,Married-civ-spouse,Priv-house-serv,Husband,White,Male,0,0,12,United-States,>50K
75,Private,848769,Prof-school,6,Divorced,Adm-clerical,Not-in-family,White,Male,0,0,83,United-States,>50K
71,Private,950567,Masters,8,Never-married,Craft-repair,Husband,Black,Male,0,0,72,United-States,>50K
51,Private,212914,1st-4th,6,Married-civ-spouse,Other-service,Unmarried,White,Male,0,0,49,United-States,<=50K
24,Private,546861,11th,5,Married-civ-spouse,Farming-fishing,Wife,White,Male,0,0,27,United-States,>50K
52,Private,27248,10th,5,Married-civ-spouse,Exec-managerial,Husband,White,Male,0,0,76,United-States,>50K
32,Private,378694,Preschool,14,Married-civ-spouse,Priv-house-serv,Not-in-family,White,Female,0,201,71,United-States,>50K
82,Private,391503,11th,14,Never-married,Exec-managerial,Other-relative,White,Female,0,0,19,United-States,>50K
42,Self-emp,888624,Bachelors,10,Married-civ-spouse,Farming-fishing,Unmarried,White,Female,0,0,61,United-States,>50K
76,Self-emp,813373,1st-4th,10,Divorced,Priv-house-serv,Own-child,White,Male,0,2149,82,United-States,<=50K
23,Private,874986,Masters,11,Divorced,Armed-Forces,Own-child,White,Female,0,0,55,United-States,<=50K
69,Private,527088,Prof-school,8,Married-civ-spouse,Armed-Forces,Unmarried,White,Male,0,0,64,Mexico,>50K
38,Private,940592,11th,7,Married-civ-spouse,Handlers-cleaners,Other-relative,White,Female,0,0,55,United-States,>50K
88,Private,358355,5th-6th,8,Separated,Protective-serv,Wife,White,Male,0,0,84,United-States,<=50K
49,Private,550412,Masters,12,Divorced,Armed-Forces,Husband,White,Female,0,0,69,United-States,<=50K
70,Private,503341,Some-college,8,Never-married,Machine-op-inspct,Husband,White,Male,0,0,35,United-States,>50K
76,Self-emp,538107,Masters,7,Never-married,Machine-op-inspct,Other-relative,White,Female,42794,0,36,Philippines,>50K
86,Private,630110,Preschool,2,Widowed,Armed-Forces,Other-relative,White,Female,0,0,47,United-States,>50K
79,Private,21164,7th-8th,11,Married-civ-spouse,Tech-support,Not-in-family,White,Male,0,0,31,United-States,<=50K
21,Private,566989,10th,15,Married-civ-spouse,Armed-Forces,Not-in-family,White,Male,27279,0,35,Mexico,<=50K
35,Self-emp,747371,Doctorate,9,Married-civ-spouse,Tech-support,Own-child,Other,Female,0,0,95,United-States,<=50K
73,Private,387439,12th,13,Married-civ-spouse,Other-service,Wife,White,Male,0,0,78,United-States,>50K
41,Self-emp,117747,Assoc-acdm,7,Married-civ-spouse,Tech-support,Wife,White,Female,0,0,44,United-States,<=50K
83,Private,714797,11th,12,Widowed,Tech-support,Other-relative,White,Male,0,0,75,United-States,<=50K
30,Self-emp,488057,Assoc-voc,11,Never-married,Farming-fishing,Own-child,Black,Male,0,0,82,United-States,>50K
79,Government,742394,1st-4th,15,Married-civ-spouse,Machine-op-inspct,Own-child,White,Male,0,0,60,United-States,<=50K
71,Government,698229,7th-8th,6,Married-civ-spouse,Tech-support,Not-in-family,White,Male,0,0,27,United-States,<=50K
32,Private,308747,7th-8th,9,Married-civ-spouse,Adm-clerical,Husband,White,Female,0,0,52,United-States,>50K
86,Private,657145,5th-6th,13,Never-married,Craft-repair,Wife,White,Male,0,0,21,United-States,>50K
20,Private,14235,Bachelors,1,Married-civ-spouse,Adm-clerical,Own-child,White,Male,0,0,12,United-States,>50K
54,Government,776786,5th-6th,11,Divorced,Armed-Forces,Not-in-family,White,Male,0,0,91,United-States,<=50K
54,Private,396702,Some-college,2,Never-married,Handlers-cleaners,Not-in-family,White,Male,0,0,16,United-States,<=50K
20,Private,22015,5th-6th,13,Married-civ-spouse,Adm-clerical,Not-in-family,Black,Female,0,0,15,United-States,<=50K
80,Private,24601,9th,1,Never-married,Other-service,Husband,White,Female,0,0,91,United-States,>50K
52,Private,803941,5th-6th,10,Married-civ-spouse,Tech-support,Own-child,White,Male,0,0,54,United-States,<=50K
69,Private,966988,Masters,12,Never-married,Tech-support,Other-relative,White,Female,0,0,95,United-States,>50K
45,Private,420134,Bachelors,3,Married-civ-spouse,Transport-moving,Other-relative,White,Female,0,0,48,United-States,>50K
35,Private,575263,Masters,11,Married-civ-spouse,Farming-fishing,Not-in-family,White,Male,0,0,60,United-States,>50K
53,Private,837952,1st-4th,5,Widowed,Prof-specialty,Not-in-family,White,Female,71940,0,18,United-States,>50K
50,Government,832125,5th-6th,1,Divorced,Handlers-cleaners,Husband,White,Male,0,0,32,United-States,<=50K
81,Self-emp,823391,Masters,4,Married-civ-spouse,Adm-clerical,Not-in-family,White,Male,0,0,21,United-States,>50K
43,Self-emp,273053,Doctorate,14,Married-civ-spouse,Prof-specialty,Unmarried,White,Female,0,0,97,United-States,>50K
65,Private,352185,11th,13,Married-civ-spouse,Exec-managerial,Own-child,White,Male,0,613,71,United-States,>50K
57,Self-emp,899744,Masters,8,Never-married,Armed-Forces,Not-in-family,White,Female,0,0,82,United-States,<=50K
34,Private,141190,Assoc-voc,6,Married-civ-spouse,Craft-repair,Not-in-family,White,Female,0,0,86,Other,>50K
57,Private,431854,9th,13,Never-married,Craft-repair,Own-child,White,Male,0,0,49,United-States,>50K
24,Private,602937,Prof-school,1,Married-civ-spouse,Machine-op-inspct,Wife,Black,Female,0,1417,63,United-States,>50K
74,Private,905988,Doctorate,12,Married-civ-spouse,Tech-support,Unmarried,Black,Male,0,0,90,United-States,<=50K
25,Private,114457,Some-college,1,Never-married,Machine-op-inspct,Unmarried,White,Male,0,0,16,United-States,<=50K
73,Without-pay,352445,5th-6th,3,Divorced,Transport-moving,Other-relative,White,Male,56653,0,26,India,<=50K
48,Private,224483,11th,14,Never-married,Farming-fishing,Not-in-family,White,Female,0,0,59,United-States,>50K
76,Private,28480,7th-8th,10,Divorced,Transport-moving,Own-child,White,Male,76869,0,33,Philippines,>50K
75,Private,280088,5th-6th,15,Married-civ-spouse,Handlers-cleaners,Other-relative,White,Male,0,0,11,United-States,<=50K
29,Private,45022,Preschool,8,Divorced,Handlers-cleaners,Husband,White,Female,0,0,92,United-States,>50K
65,Private,362769,10th,11,Married-civ-spouse,Exec-managerial,Wife,White,Female,0,0,42,United-States,<=50K
48,Private,582995,Masters,11,Married-civ-spouse,Other-service,Not-in-family,White,Female,0,0,30,United-States,<=50K
80,Self-emp,196327,10th,14,Married-civ-spouse,Handlers-cleaners,Wife,White,Male,0,0,83,United-States,>50K
56,Private,994273,12th,8,Never-married,Handlers-cleaners,Not-in-family,White,Male,0,0,62,United-States,<=50K
37,Private,752538,Assoc-voc,13,Married-civ-spouse,Handlers-cleaners,Not-in-family,White,Male,0,0,55,United-States,>50K
65,Self-emp,562996,10th,3,Married-civ-spouse,Priv-house-serv,Not-in-family,White,Female,0,0,54,United-States,<=50K
88,Government,958441,Bachelors,7,Married-civ-spouse,Transport-moving,Wife,White,Male,0,0,18,United-States,<=50K
71,Self-emp,68823,11th,12,Married-civ-spouse,Craft-repair,Unmarried,White,Male,0,0,15,United-States,>50K
88,Private,834831,7th-8th,3,Married-civ-spouse,Other-service,Husband,White,Female,0,0,60,United-States,>50K
46,Private,516035,Assoc-voc,4,Married-civ-spouse,Other-service,Unmarried,White,Male,0,0,44,United-States,<=50K
65,Private,396564,5th-6th,9,Married-civ-spouse,Sales,Own-child,White,Female,0,0,91,United-States,>50K
73,Self-emp,731025,Preschool,13,Married-civ-spouse,Priv-house-serv,Own-child,White,Female,0,736,62,United-States,>50K
34,Government,505236,1st-4th,4,Married-civ-spouse,Adm-clerical,Unmarried,White,Female,0,0,28,United-States,<=50K
26,Private,786802,10th,3,Never-married,Farming-fishing,Husband,White,Male,0,0,78,United-States,<=50K
51,Private,390575,10th,5,Never-married,Tech-support,Husband,White,Male,0,0,34,United-States,<=50K
62,Self-emp,683515,10th,7,Divorced,Priv-house-serv,Not-in-family,White,Female,0,0,20,Other,<=50K
26,Private,795042,Doctorate,5,Never-married,Handlers-cleaners,Not-in-family,White,Female,0,0,83,United-States,<=50K
24,Private,292982,5th-6th,4,Married-civ-spouse,Handlers-cleaners,Own-child,White,Female,8171,0,26,United-States,<=50K
33,Private,164226,5th-6th,8,Married-civ-spouse,Transport-moving,Not-in-family,Black,Male,0,0,45,United-States,<=50K
36,Private,316179,Some-college,4,Never-married,Sales,Not-in-family,White,Female,0,0,30,United-States,<=50K
23,Without-pay,40294,Assoc-acdm,2,Never-married,Protective-serv,Husband,White,Female,0,0,27,United-States,<=50K
28,Private,138557,7th-8th,10,Widowed,Transport-moving,Wife,White,Male,0,0,69,United-States,<=50K
78,Private,263010,5th-6th,13,Separated,Tech-support,Unmarried,White,Female,0,0,27,United-States,<=50K
59,Private,474025,HS-grad,14,Married-civ-spouse,Other-service,Other-relative,Black,Female,0,0,10,United-States,<=50K
30,Private,608521,Preschool,6,Widowed,Exec-managerial,Other-relative,White,Male,0,0,23,United-States,<=50K
29,Private,408844,12th,2,Separated,Priv-house-serv,Not-in-family,White,Male,0,0,17,United-States,>50K
37,Private,899649,Some-college,3,Married-civ-spouse,Craft-repair,Not-in-family,White,Male,0,0,75,United-States,>50K
67,Private,973353,11th,1,Widowed,Handlers-cleaners,Unmarried,White,Male,43605,0,60,United-States,<=50K
53,Private,952918,Assoc-voc,5,Married-civ-spouse,Armed-Forces,Other-relative,White,Male,0,0,88,United-States,<=50K
86,Self-emp,644655,HS-grad,9,Never-married,Farming-fishing,Husband,White,Male,0,0,69,United-States,>50K
54,Private,80254,Assoc-voc,2,Married-civ-spouse,Farming-fishing,Other-relative,White,Male,0,1550,43,United-States,<=50K
29,Private,291204,Prof-school,12,Married-civ-spouse,Handlers-cleaners,Other-relative,White,Male,0,0,45,United-States,<=50K
57,Without-pay,141168,Doctorate,7,Divorced,Priv-house-serv,Other-relative,White,Male,0,0,71,United-States,>50K
71,Private,880315,9th,5,Married-civ-spouse,Farming-fishing,Not-in-family,Black,Female,0,0,10,United-States,<=50K
19,Self-emp,769065,9th,2,Never-married,Exec-managerial,Not-in-family,White,Female,0,0,94,United-States,>50K
67,Private,368076,Prof-school,8,Divorced,Priv-house-serv,Unmarried,White,Male,71775,0,51,Other,>50K
58,Self-emp,918887,Assoc-voc,11,Married-civ-spouse,Farming-fishing,Other-relative,White,Female,0,0,10,United-States,<=50K
62,Self-emp,545346,Masters,15,Married-civ-spouse,Prof-specialty,Not-in-family,White,Male,0,0,93,United-States,<=50K
26,Private,677578,Assoc-acdm,13,Divorced,Tech-support,Unmarried,White,Male,0,0,63,United-States,>50K
79,Government,944486,10th,13,Never-married,Sales,Other-relative,White,Male,0,0,56,United-States,>50K
64,Government,856757,9th,6,Divorced,Sales,Husband,White,Male,0,0,48,United-States,<=50K
22,Private,501033,7th-8th,4,Divorced,Transport-moving,Not-in-family,White,Female,70574,0,39,United-States,<=50K
18,Private,734859,Preschool,13,Divorced,Machine-op-inspct,Wife,Other,Female,0,0,16,United-States,<=50K
61,Private,362684,Prof-school,4,Married-civ-spouse,Craft-repair,Unmarried,White,Male,0,0,31,United-States,<=50K
39,Self-emp,580910,Assoc-voc,2,Married-civ-spouse,Tech-support,Not-in-family,White,Male,0,0,59,United-States,>50K
55,Private,426893,Preschool,3,Widowed,Handlers-cleaners,Husband,Black,Male,0,0,54,United-States,<=50K
36,Private,841173,Doctorate,15,Never-married,Prof-specialty,Husband,White,Male,0,0,83,United-States,>50K
48,Private,994364,Bachelors,7,Married-civ-spouse,Exec-managerial,Not-in-family,White,Male,0,2912,81,United-States,<=50K
84,Private,954670,Masters,3,Married-civ-spouse,Priv-house-serv,Own-child,White,Male,0,0,19,United-States,>50K
59,Private,708734,9th,13,Divorced,Protective-serv,Unmarried,White,Female,0,0,23,United-States,>50K
43,Private,319052,11th,5,Never-married,Protective-serv,Other-relative,Asian-Pac-Islander,Female,0,0,55,United-States,<=50K
30,Self-emp,650743,Bachelors,10,Divorced,Protective-serv,Other-relative,Asian-Pac-Islander,Male,0,0,84,United-States,>50K
75,Private,375612,Assoc-acdm,6,Never-married,Machine-op-inspct,Husband,White,Female,0,0,15,United-States,<=50K
35,Private,101628,Doctorate,6,Married-civ-spouse,Transport-moving,Not-in-family,White,Male,0,0,30,United-States,<=50K
84,Private,863307,10th,14,Married-civ-spouse,Protective-serv,Own-child,White,Male,0,0,71,United-States,>50K
20,Private,58316,9th,4,Never-married,Craft-repair,Unmarried,White,Male,0,0,28,United-States,>50K
72,Private,153358,Masters,6,Married-civ-spouse,Craft-repair,Wife,White,Male,0,0,97,United-States,>50K
75,Private,73539,11th,3,Separated,Adm-clerical,Other-relative,White,Female,0,0,91,United-States,<=50K
80,Private,39235,Preschool,7,Married-civ-spouse,Tech-support,Unmarried,Amer-Indian-Eskimo,Male,0,0,71,Philippines,>50K
69,Private,742491,Bachelors,7,Married-civ-spouse,Prof-specialty,Unmarried,Black,Male,0,0,92,United-States,<=50K
41,Private,463106,11th,4,Divorced,Protective-serv,Own-child,White,Male,0,0,62,United-States,>50K
89,Private,559840,5th-6th,2,Never-married,Protective-serv,Unmarried,White,Male,0,0,33,United-States,>50K
26,Without-pay,285773,Prof-school,11,Never-married,Other-service,Other-relative,White,Female,0,0,65,Germany,>50K
54,Private,842921,Masters,7,Married-civ-spouse,Protective-serv,Not-in-family,White,Male,0,0,71,United-States,>50K
70,Government,376914,Preschool,3,Married-civ-spouse,Exec-managerial,Other-relative,White,Male,0,0,43,United-States,>50K
41,Self-emp,986462,9th,15,Divorced,Machine-op-inspct,Wife,White,Male,0,0,31,United-States,>50K
38,Private,200000,7th-8th,1,Married-civ-spouse,Handlers-cleaners,Not-in-family,White,Male,0,0,77,United-States,<=50K
57,Self-emp,629749,10th,2,Married-civ-spouse,Protective-serv,Husband,White,Male,0,0,66,United-States,>50K
79,Private,900199,1st-4th,10,Divorced,Priv-house-serv,Own-child,White,Female,0,0,19,United-States,<=50K
87,Private,441474,7th-8th,9,Divorced,Sales,Other-relative,Black,Male,0,0,75,United-States,>50K
86,Private,153915,Preschool,12,Married-civ-spouse,Machine-op-inspct,Not-in-family,White,Female,0,0,17,United-States,>50K
31,Self-emp,107571,HS-grad,15,Married-civ-spouse,Transport-moving,Unmarried,White,Female,0,0,47,United-States,<=50K
59,Private,296132,9th,8,Married-civ-spouse,Transport-moving,Not-in-family,White,Female,0,0,71,India,<=50K
67,Self-emp,388102,Masters,15,Married-civ-spouse,Farming-fishing,Other-relative,White,Male,0,0,37,United-States,>50K
78,Private,370363,Prof-school,15,Divorced,Transport-moving,Husband,Asian-Pac-Islander,Male,0,0,19,United-States,>50K
21,Government,763882,11th,14,Never-married,Armed-Forces,Other-relative,White,Male,0,0,54,United-States,>50K
89,Private,305445,Prof-school,6,Married-civ-spouse,Craft-repair,Husband,White,Female,0,0,74,United-States,<=50K
34,Private,614801,Some-college,14,Married-civ-spouse,Handlers-cleaners,Unmarried,White,Male,0,0,76,United-States,>50K
74,Private,673311,Masters,6,Married-civ-spouse,Exec-managerial,Other-relative,White,Male,0,0,18,United-States,<=50K
65,Private,101607,Masters,14,Never-married,Transport-moving,Not-in-family,White,Male,0,0,14,United-States,<=50K
61,Private,347245,Masters,1,Married-civ-spouse,Prof-specialty,Wife,White,Male,0,0,19,United-States,>50K
62,Government,300859,Assoc-acdm,2,Widowed,Other-service,Wife,White,Male,0,0,21,United-States,<=50K
50,Private,849407,Bachelors,4,Married-civ-spouse,Transport-moving,Unmarried,White,Male,0,0,91,United-States,>50K
48,Government,726653,Assoc-acdm,3,Married-civ-spouse,Farming-fishing,Not-in-family,White,Female,0,0,67,Canada,>50K
64,Private,714576,10th,14,Married-civ-spouse,Handlers-cleaners,Wife,White,Male,0,0,30,United-States,<=50K
23,Self-emp,47109,Prof-school,1,Divorced,Handlers-cleaners,Unmarried,White,Male,2548,0,30,United-States,>50K
89,Private,965354,10th,8,Divorced,Craft-repair,Husband,White,Male,0,0,74,United-States,<=50K
88,Private,187736,7th-8th,7,Divorced,Tech-support,Not-in-family,Black,Male,14988,0,12,United-States,<=50K
51,Government,873302,10th,4,Married-civ-spouse,Farming-fishing,Husband,Black,Male,0,0,78,United-States,<=50K
70,Private,910804,Doctorate,12,Married-civ-spouse,Craft-repair,Not-in-family,White,Female,0,0,98,United-States,<=50K
31,Private,757196,Assoc-voc,12,Married-civ-spouse,Priv-house-serv,Husband,White,Male,0,0,73,United-States,>50K
33,Private,659373,Assoc-acdm,9,Married-civ-spouse,Machine-op-inspct,Husband,White,Female,0,0,58,United-States,<=50K
60,Private,29369,5th-6th,11,Married-civ-spouse,Transport-moving,Wife,White,Male,0,0,81,United-States,<=50K
29,Private,244970,Masters,14,Never-married,Farming-fishing,Not-in-family,White,Male,0,0,26,Mexico,>50K
87,Self-emp,521817,1st-4th,4,Married-civ-spouse,Other-service,Other-relative,White,Female,0,0,82,United-States,>50K
36,Private,527144,Assoc-voc,1,Married-civ-spouse,Transport-moving,Wife,White,Male,0,0,41,United-States,<=50K
58,Private,231009,12th,15,Married-civ-spouse,Sales,Husband,White,Male,92732,0,79,United-States,>50K
70,Private,644438,Preschool,10,Married-civ-spouse,Machine-op-inspct,Husband,Black,Male,39457,0,30,United-States,<=50K
46,Private,856648,Prof-school,15,Divorced,Other-service,Other-relative,White,Male,62976,0,16,United-States,<=50K
87,Private,386030,Bachelors,1,Married-civ-spouse,Prof-specialty,Other-relative,White,Female,0,0,16,United-States,>50K
76,Government,948143,5th-6th,1,Married-civ-spouse,Craft-repair,Husband,White,Male,0,0,36,United-States,<=50K
81,Self-emp,336449,7th-8th,1,Never-married,Other-service,Other-relative,White,Female,0,0,17,United-States,<=50K
41,Private,748284,Prof-school,4,Married-civ-spouse,Tech-support,Own-child,Black,Female,0,0,82,United-States,>50K
33,Government,814938,HS-grad,1,Married-civ-spouse,Adm-clerical,Wife,White,Male,0,0,37,Other,<=50K
69,Private,728985,Assoc-acdm,2,Never-married,Sales,Not-in-family,White,Female,0,0,88,United-States,>50K
23,Self-emp,532133,Prof-school,4,Married-civ-spouse,Prof-specialty,Other-relative,White,Male,0,0,75,United-States,>50K
54,Private,743662,Bachelors,7,Never-married,Handlers-cleaners,Other-relative,White,Female,0,0,80,United-States,<=50K
21,Private,344376,Some-college,2,Married-civ-spouse,Craft-repair,Own-child,White,Male,0,0,56,United-States,<=50K
55,Private,990270,HS-grad,8,Divorced,Machine-op-inspct,Not-in-family,White,Female,0,2725,91,United-States,>50K
58,Private,800413,9th,13,Never-married,Priv-house-serv,Own-child,White,Male,0,0,95,United-States,<=50K
31,Private,792722,Prof-school,7,Never-married,Adm-clerical,Not-in-family,White,Male,0,0,19,United-States,<=50K
88,Private,354535,Assoc-voc,9,Divorced,Armed-Forces,Wife,White,Male,0,0,42,United-States,>50K
68,Private,554077,Some-college,14,Married-civ-spouse,Farming-fishing,Other-relative,White,Female,0,0,16,United-States,>50K
82,Private,927812,9th,6,Divorced,Transport-moving,Wife,White,Male,0,0,12,United-States,<=50K
69,Private,103046,Prof-school,4,Married-civ-spouse,Craft-repair,Not-in-family,White,Male,0,0,23,United-States,<=50K
47,Private,891340,HS-grad,6,Never-married,Exec-managerial,Other-relative,White,Female,0,0,53,United-States,<=50K
74,Private,476459,7th-8th,15,Married-civ-spouse,Craft-repair,Own-child,White,Male,0,0,55,United-States,>50K
47,Private,222130,Assoc-acdm,4,Divorced,Transport-moving,Husband,White,Female,0,0,70,United-States,>50K
59,Private,701175,5th-6th,7,Never-married,Exec-managerial,Own-child,White,Female,0,899,45,United-States,>50K
28,Government,560785,Doctorate,9,Never-married,Handlers-cleaners,Husband,White,Female,0,0,22,United-States,>50K
44,Government,630348,HS-grad,3,Married-civ-spouse,Prof-specialty,Own-child,White,Female,0,0,25,United-States,>50K
41,Private,709319,9th,3,Never-married,Sales,Not-in-family,White,Male,0,0,89,United-States,<=50K
56,Private,700145,Preschool,2,Married-civ-spouse,Armed-Forces,Wife,White,Male,0,0,14,United-States,<=50K
89,Private,678726,11th,1,Married-civ-spouse,Craft-repair,Husband,White,Female,0,0,98,United-States,>50K
35,Government,47649,Doctorate,14,Divorced,Handlers-cleaners,Not-in-family,White,Male,0,0,47,United-States,>50K
62,Private,502998,10th,1,Divorced,Priv-house-serv,Wife,White,Male,0,0,59,United-States,>50K
29,Private,168000,12th,13,Never-married,Farming-fishing,Wife,White,Male,0,0,47,United-States,<=50K
66,Private,96117,Some-college,3,Never-married,Adm-clerical,Other-relative,White,Female,0,0,65,United-States,<=50K
48,Private,820537,Assoc-voc,14,Married-civ-spouse,Tech-support,Other-relative,White,Male,0,0,72,United-States,>50K
39,Private,554131,Doctorate,7,Never-married,Other-service,Other-relative,White,Male,0,0,57,United-States,>50K
61,Private,644538,1st-4th,15,Married-civ-spouse,Handlers-cleaners,Husband,White,Male,0,0,68,United-States,>50K
81,Private,248799,5th-6th,11,Married-civ-spouse,Armed-Forces,Husband,White,Male,47106,0,86,Other,>50K
42,Private,998474,HS-grad,9,Married-civ-spouse,Adm-clerical,Wife,White,Male,0,0,53,United-States,>50K
68,Private,660288,HS-grad,14,Never-married,Protective-serv,Husband,White,Male,0,0,64,United-States,<=50K
24,Private,960843,12th,2,Divorced,Exec-managerial,Wife,White,Male,0,0,64,United-States,<=50K
23,Private,226581,7th-8th,7,Married-civ-spouse,Handlers-cleaners,Not-in-family,White,Female,0,0,10,Philippines,<=50K
41,Self-emp,640931,Some-college,1,Divorced,Farming-fishing,Own-child,White,Male,0,0,17,United-States,<=50K
36,Private,917038,Bachelors,2,Married-civ-spouse,Handlers-cleaners,Wife,White,Female,0,0,13,Other,>50K
26,Private,402402,5th-6th,6,Never-married,Sales,Wife,Black,Female,0,0,94,United-States,<=50K
53,Private,742531,Assoc-voc,11,Divorced,Exec-managerial,Not-in-family,Asian-Pac-Islander,Male,0,0,95,United-States,<=50K
57,Private,469348,5th-6th,5,Married-civ-spouse,Craft-repair,Other-relative,White,Male,0,903,62,United-States,<=50K
41,Private,817889,1st-4th,8,Widowed,Machine-op-inspct,Unmarried,White,Male,0,0,67,United-States,>50K
65,Private,239023,9th,12,Married-civ-spouse,Priv-house-serv,Other-relative,White,Female,0,0,46,United-States,<=50K
80,Private,322366,11th,11,Never-married,Tech-support,Other-relative,White,Male,0,0,58,United-States,>50K
86,Private,366001,Some-college,2,Married-civ-spouse,Craft-repair,Wife,White,Female,0,0,76,United-States,<=50K
70,Private,745730,Preschool,1,Married-civ-spouse,Priv-house-serv,Wife,White,Male,0,0,28,United-States,>50K
71,Private,767914,HS-grad,7,Never-married,Other-service,Husband,White,Male,0,0,10,United-States,>50K
59,Private,96245,Some-college,6,Married-civ-spouse,Handlers-cleaners,Husband,White,Male,0,0,38,United-States,>50K
62,Private,865339,1st-4th,8,Never-married,Prof-specialty,Own-child,White,Male,0,0,96,United-States,<=50K
31,Private,10157,Some-college,11,Married-civ-spouse,Armed-Forces,Own-child,White,Female,55336,0,42,United-States,<=50K
46,Private,878000,Prof-school,15,Married-civ-spouse,Handlers-cleaners,Unmarried,White,Male,0,0,61,United-States,<=50K
23,Private,330410,12th,15,Never-married,Transport-moving,Husband,Black,Male,0,0,50,United-States,>50K
24,Private,930822,Prof-school,13,Married-civ-spouse,Exec-managerial,Wife,White,Male,0,409,32,United-States,>50K
54,Private,655687,9th,14,Divorced,Armed-Forces,Not-in-family,White,Female,0,0,14,United-States,>50K
70,Government,744358,7th-8th,8,Never-married,Sales,Husband,White,Male,0,0,80,United-States,>50K
35,Government,987194,Some-college,2,Never-married,Handlers-cleaners,Wife,Asian-Pac-Islander,Female,0,0,66,United-States,<=50K
55,Private,513762,Bachelors,14,Married-civ-spouse,Other-service,Husband,White,Male,0,0,15,United-States,<=50K
76,Private,901957,11th,8,Never-married,Protective-serv,Other-relative,White,Male,0,0,58,United-States,<=50K
18,Private,84493,Assoc-acdm,6,Separated,Farming-fishing,Husband,White,Male,0,0,31,United-States,>50K
85,Private,480595,Doctorate,9,Married-civ-spouse,Handlers-cleaners,Unmarried,White,Male,0,0,86,United-States,<=50K
61,Self-emp,78148,Prof-school,12,Divorced,Craft-repair,Other-relative,White,Male,0,0,85,United-States,<=50K
64,Self-emp,948450,9th,7,Married-civ-spouse,Priv-house-serv,Wife,White,Male,0,0,13,United-States,>50K
52,Government,153092,9th,2,Never-married,Priv-house-serv,Other-relative,White,Female,0,0,81,Other,<=50K
77,Private,350453,Some-college,8,Never-married,Machine-op-inspct,Husband,Black,Male,0,0,73,United-States,>50K
69,Private,826679,Doctorate,9,Never-married,Priv-house-serv,Other-relative,White,Male,0,0,46,United-States,<=50K
25,Self-emp,10443,7th-8th,7,Separated,Prof-specialty,Unmarried,White,Male,0,0,40,United-States,>50K
58,Private,573029,Doctorate,4,Married-civ-spouse,Priv-house-serv,Not-in-family,White,Male,0,0,46,United-States,>50K
20,Government,944792,Doctorate,9,Married-civ-spouse,Other-service,Other-relative,White,Male,6126,0,54,United-States,>50K
86,Private,799342,HS-grad,4,Married-civ-spouse,Other-service,Unmarried,Black,Male,0,0,17,United-States,<=50K
31,Private,54169,Doctorate,12,Married-civ-spouse,Exec-managerial,Other-relative,White,Male,0,0,49,United-States,>50K
43,Private,372249,Bachelors,4,Never-married,Other-service,Own-child,White,Male,3786,0,14,United-States,<=50K
87,Private,289453,Doctorate,9,Never-married,Prof-specialty,Not-in-family,White,Male,0,0,37,United-States,<=50K
75,Private,480665,Some-college,14,Married-civ-spouse,Craft-repair,Wife,White,Male,0,0,90,United-States,>50K
57,Private,941769,Doctorate,8,Divorced,Machine-op-inspct,Unmarried,White,Male,0,0,96,United-States,>50K
68,Private,104499,Masters,4,Never-married,Protective-serv,Other-relative,White,Male,0,0,18,United-States,>50K
22,Private,367585,Assoc-acdm,14,Married-civ-spouse,Transport-moving,Not-in-family,White,Female,0,0,11,United-States,>50K
49,Private,689595,Prof-school,8,Married-civ-spouse,Priv-house-serv,Wife,White,Male,0,0,72,United-States,<=50K
18,Private,648648,Preschool,15,Divorced,Transport-moving,Not-in-family,White,Female,0,0,60,United-States,<=50K
71,Government,720442,1st-4th,8,Married-civ-spouse,Adm-clerical,Unmarried,White,Male,0,0,40,United-States,<=50K
28,Private,854527,Assoc-voc,7,Separated,Protective-serv,Own-child,Amer-Indian-Eskimo,Female,0,0,16,United-States,<=50K
70,Private,740322,7th-8th,10,Married-civ-spouse,Handlers-cleaners,Unmarried,White,Female,0,0,39,United-States,>50K
25,Without-pay,275066,Preschool,13,Never-married,Armed-Forces,Unmarried,White,Male,87421,0,67,United-States,>50K
42,Government,854438,Preschool,6,Divorced,Other-service,Wife,White,Female,0,1272,12,United-States,>50K
57,Private,967827,Assoc-acdm,8,Married-civ-spouse,Transport-moving,Wife,White,Male,44921,0,60,United-States,<=50K
49,Self-emp,498843,Assoc-acdm,7,Married-civ-spouse,Armed-Forces,Other-relative,White,Male,0,0,65,Mexico,<=50K
45,Private,299915,Some-college,5,Married-civ-spouse,Farming-fishing,Husband,Black,Female,0,0,82,Mexico,<=50K
20,Private,937280,Assoc-voc,12,Married-civ-spouse,Sales,Unmarried,White,Female,0,0,19,United-States,<=50K
79,Private,731815,Some-college,13,Married-civ-spouse,Priv-house-serv,Wife,Black,Male,0,0,70,United-States,>50K
44,Private,572060,10th,13,Divorced,Farming-fishing,Unmarried,White,Male,0,0,59,United-States,<=50K
62,Self-emp,849803,Assoc-voc,4,Divorced,Craft-repair,Unmarried,White,Male,0,0,56,United-States,>50K
42,Self-emp,395091,9th,14,Divorced,Adm-clerical,Wife,Black,Male,0,0,10,United-States,<=50K
78,Without-pay,948458,1st-4th,12,Married-civ-spouse,Armed-Forces,Own-child,White,Female,0,706,66,United-States,<=50K
61,Self-emp,424053,Bachelors,2,Divorced,Exec-managerial,Own-child,Asian-Pac-Islander,Male,0,534,47,United-States,>50K
63,Private,85494,7th-8th,11,Married-civ-spouse,Priv-house-serv,Unmarried,White,Male,0,0,71,United-States,>50K
31,Private,146647,9th,8,Never-married,Craft-repair,Own-child,Asian-Pac-Islander,Male,0,0,88,United-States,<=50K
25,Without-pay,924777,7th-8th,9,Never-married,Farming-fishing,Unmarried,White,Male,0,0,98,United-States,>50K
65,Self-emp,323249,Prof-school,4,Never-married,Prof-specialty,Other-relative,White,Male,0,0,79,United-States,>50K
31,Self-emp,848152,10th,4,Never-married,Handlers-cleaners,Wife,White,Male,49723,0,91,United-States,<=50K
82,Government,259468,Doctorate,5,Married-civ-spouse,Protective-serv,Unmarried,White,Female,0,0,74,United-States,<=50K
24,Private,646786,HS-grad,2,Married-civ-spouse,Craft-repair,Own-child,White,Female,0,0,71,United-States,<=50K
66,Self-emp,588368,Bachelors,7,Never-married,Tech-support,Own-child,White,Male,0,0,65,United-States,>50K
72,Government,741759,7th-8th,15,Married-civ-spouse,Protective-serv,Not-in-family,White,Female,0,0,76,Other,>50K
30,Government,91393,Doctorate,5,Married-civ-spouse,Handlers-cleaners,Not-in-family,White,Female,0,0,26,United-States,<=50K
73,Private,259159,HS-grad,6,Never-married,Tech-support,Own-child,White,Female,0,0,17,Other,<=50K
73,Private,42309,5th-6th,4,Never-married,Other-service,Other-relative,White,Male,0,0,69,United-States,<=50K
32,Private,950458,HS-grad,8,Married-civ-spouse,Sales,Husband,White,Male,0,0,49,United-States,<=50K
74,Private,662272,HS-grad,8,Married-civ-spouse,Craft-repair,Unmarried,White,Male,0,0,90,United-States,<=50K
75,Private,452810,Preschool,12,Married-civ-spouse,Handlers-cleaners,Not-in-family,White,Male,0,2442,98,United-States,>50K
52,Private,567656,Some-college,5,Never-married,Exec-managerial,Unmarried,White,Male,0,2522,71,United-States,>50K
33,Private,365422,1st-4th,12,Divorced,Tech-support,Not-in-family,White,Male,0,0,50,United-States,>50K
25,Private,87670,Masters,6,Separated,Priv-house-serv,Wife,Black,Male,0,0,21,Other,>50K
62,Private,922121,10th,3,Never-married,Priv-house-serv,Wife,White,Female,0,0,98,United-States,<=50K
57,Private,778954,HS-grad,1,Married-civ-spouse,Machine-op-inspct,Own-child,White,Male,0,0,63,United-States,<=50K
71,Private,662738,Some-college,9,Married-civ-spouse,Farming-fishing,Wife,White,Male,0,0,98,United-States,>50K
31,Private,808012,9th,9,Divorced,Handlers-cleaners,Wife,White,Female,0,0,20,United-States,>50K
76,Private,30966,Preschool,3,Separated,Sales,Husband,White,Female,0,0,69,United-States,>50K
70,Private,222645,Assoc-voc,4,Married-civ-spouse,Craft-repair,Other-relative,White,Female,0,0,77,United-States,>50K
44,Private,209394,Masters,13,Never-married,Handlers-cleaners,Own-child,White,Female,0,0,87,United-States,<=50K
64,Private,618903,12th,7,Married-civ-spouse,Transport-moving,Husband,White,Male,0,0,55,United-States,>50K
23,Self-emp,287375,Some-college,2,Married-civ-spouse,Craft-repair,Own-child,White,Female,0,0,47,United-States,<=50K
72,Private,939344,Doctorate,12,Never-married,Prof-specialty,Other-relative,White,Male,0,0,70,United-States,>50K
61,Private,405268,Some-college,3,Married-civ-spouse,Tech-support,Own-child,Black,Male,0,0,26,United-States,<=50K
35,Self-emp,43399,Some-college,6,Never-married,Armed-Forces,Unmarried,White,Male,0,0,75,Canada,>50K
33,Private,210050,Bachelors,11,Married-civ-spouse,Handlers-cleaners,Unmarried,White,Male,0,0,81,United-States,<=50K
29,Government,929258,10th,8,Never-married,Handlers-cleaners,Unmarried,Other,Male,0,0,45,United-States,<=50K
37,Self-emp,393852,Assoc-acdm,15,Never-married,Priv-house-serv,Wife,White,Male,0,0,83,United-States,>50K
62,Private,250601,Assoc-acdm,1,Never-married,Sales,Other-relative,White,Female,0,0,16,United-States,>50K
81,Private,347450,Bachelors,4,Married-civ-spouse,Sales,Husband,White,Male,0,0,25,United-States,<=50K
76,Private,482251,Masters,15,Married-civ-spouse,Farming-fishing,Husband,Amer-Indian-Eskimo,Male,0,0,23,United-States,>50K
39,Private,206597,Bachelors,1,Divorced,Exec-managerial,Not-in-family,Amer-Indian-Eskimo,Female,0,0,89,United-States,>50K
64,Private,665385,Assoc-acdm,2,Married-civ-spouse,Craft-repair,Husband,White,Male,0,0,34,United-States,>50K
46,Private,151473,Masters,8,Divorced,Adm-clerical,Unmarried,White,Male,0,0,13,United-States,>50K
62,Self-emp,123172,Assoc-acdm,6,Divorced,Farming-fishing,Unmarried,White,Female,0,0,38,United-States,>50K
26,Private,795266,HS-grad,9,Married-civ-spouse,Sales,Not-in-family,White,Male,0,0,65,United-States,<=50K
41,Private,540841,11th,2,Never-married,Transport-moving,Wife,White,Male,0,0,15,United-States,<=50K
32,Private,343439,Doctorate,3,Never-married,Adm-clerical,Husband,Black,Female,22405,0,10,United-States,<=50K
53,Private,279899,7th-8th,9,Separated,Armed-Forces,Other-relative,White,Male,0,0,48,United-States,>50K
30,Private,219992,Assoc-acdm,9,Married-civ-spouse,Other-service,Not-in-family,White,Male,0,0,10,United-States,>50K
61,Private,758374,Bachelors,13,Married-civ-spouse,Adm-clerical,Husband,White,Female,0,0,72,United-States,>50K
88,Private,961401,11th,6,Married-civ-spouse,Tech-support,Wife,White,Female,38510,0,66,United-States,<=50K
89,Government,899732,Bachelors,14,Married-civ-spouse,Handlers-cleaners,Other-relative,White,Male,0,0,76,Other,>50K
53,Private,710424,11th,15,Married-civ-spouse,Sales,Other-relative,White,Male,0,0,74,United-States,<=50K
78,Private,894342,Some-college,3,Widowed,Handlers-cleaners,Wife,Black,Male,0,0,74,United-States,>50K
57,Private,834841,Prof-school,5,Married-civ-spouse,Armed-Forces,Husband,Black,Male,0,0,30,United-States,<=50K
44,Private,894336,5th-6th,15,Married-civ-spouse,Farming-fishing,Own-child,White,Male,0,0,39,United-States,>50K
18,Private,327193,11th,2,Married-civ-spouse,Prof-specialty,Husband,Black,Male,0,0,42,United-States,>50K
51,Self-emp,580957,Assoc-voc,7,Married-civ-spouse,Sales,Not-in-family,White,Female,43262,0,57,United-States,<=50K
85,Government,417587,9th,10,Married-civ-spouse,Sales,Not-in-family,White,Male,0,0,31,United-States,>50K
38,Private,345049,Assoc-voc,11,Divorced,Machine-op-inspct,Husband,White,Male,0,0,63,United-States,<=50K
50,Private,472647,Some-college,8,Married-civ-spouse,Handlers-cleaners,Unmarried,White,Male,0,0,13,United-States,<=50K
24,Private,221061,12th,6,Married-civ-spouse,Sales,Not-in-family,Black,Female,0,0,96,United-States,>50K
82,Private,670157,12th,8,Married-civ-spouse,Transport-moving,Own-child,White,Male,0,0,64,United-States,<=50K
20,Private,973313,Assoc-voc,2,Never-married,Prof-specialty,Unmarried,White,Male,0,0,53,United-States,>50K
68,Private,470580,12th,3,Married-civ-spouse,Prof-specialty,Own-child,White,Female,0,0,98,United-States,<=50K
71,Private,926648,11th,7,Married-civ-spouse,Tech-support,Other-relative,White,Male,33945,0,21,Other,>50K
76,Private,88053,Assoc-voc,10,Separated,Protective-serv,Not-in-family,White,Male,0,0,90,United-States,>50K
23,Self-emp,551231,5th-6th,12,Married-civ-spouse,Craft-repair,Unmarried,White,Male,0,0,88,United-States,>50K
46,Self-emp,118374,Preschool,1,Divorced,Sales,Husband,White,Male,0,0,83,Other,<=50K
34,Private,36831,Bachelors,7,Never-married,Prof-specialty,Unmarried,White,Male,0,0,61,United-States,>50K
77,Private,314188,Some-college,6,Married-civ-spouse,Prof-specialty,Other-relative,White,Male,0,0,85,United-States,<=50K
39,Government,128602,1st-4th,8,Never-married,Tech-support,Own-child,White,Male,4666,0,74,United-States,<=50K
41,Private,531332,12th,7,Never-married,Machine-op-inspct,Other-relative,White,Male,0,0,74,United-States,<=50K
68,Government,821246,Preschool,4,Married-civ-spouse,Craft-repair,Wife,White,Female,0,0,19,United-States,>50K
67,Private,345730,Bachelors,3,Never-married,Protective-serv,Not-in-family,White,Female,0,0,27,United-States,>50K
28,Private,201330,7th-8th,3,Married-civ-spouse,Exec-managerial,Husband,White,Female,0,0,56,United-States,<=50K
73,Private,855871,10th,15,Married-civ-spouse,Sales,Own-child,White,Female,0,0,75,United-States,>50K
88,Government,216271,10th,4,Never-married,Exec-managerial,Other-relative,Black,Male,0,0,58,United-States,>50K
59,Private,475652,5th-6th,15,Never-married,Exec-managerial,Husband,White,Female,0,0,81,United-States,>50K
56,Private,310499,Some-college,9,Never-married,Farming-fishing,Not-in-family,White,Male,0,0,31,United-States,>50K
86,Private,752692,Some-college,9,Married-civ-spouse,Machine-op-inspct,Husband,Other,Female,0,0,95,United-States,<=50K
65,Government,855821,Assoc-acdm,13,Divorced,Farming-fishing,Not-in-family,White,Female,0,0,35,United-States,<=50K
74,Government,550072,Assoc-voc,2,Divorced,Handlers-cleaners,Not-in-family,White,Female,0,0,18,United-States,<=50K
38,Without-pay,768276,Doctorate,5,Married-civ-spouse,Priv-house-serv,Not-in-family,White,Female,0,0,30,United-States,<=50K
37,Government,931187,10th,1,Widowed,Armed-Forces,Other-relative,Asian-Pac-Islander,Male,0,0,72,United-States,<=50K
32,Private,870364,Some-college,4,Married-civ-spouse,Adm-clerical,Not-in-family,Black,Male,0,0,15,United-States,<=50K
86,Private,410563,Doctorate,2,Married-civ-spouse,Priv-house-serv,Husband,White,Male,0,0,23,United-States,>50K
68,Private,357664,HS-grad,8,Married-civ-spouse,Transport-moving,Wife,White,Male,0,0,42,United-States,>50K
79,Private,184169,11th,4,Married-civ-spouse,Protective-serv,Husband,White,Male,0,0,80,India,>50K
54,Self-emp,884995,10th,5,Never-married,Tech-support,Other-relative,Amer-Indian-Eskimo,Male,0,0,33,United-States,<=50K
23,Government,355277,Prof-school,11,Married-civ-spouse,Prof-specialty,Not-in-family,Asian-Pac-Islander,Female,0,0,82,Germany,>50K
88,Private,852931,7th-8th,4,Never-married,Prof-specialty,Wife,White,Male,0,0,84,United-States,<=50K
43,Private,548360,Some-college,5,Married-civ-spouse,Craft-repair,Other-relative,White,Female,16202,0,96,Mexico,>50K
25,Government,284170,10th,5,Married-civ-spouse,Transport-moving,Own-child,White,Female,0,0,60,United-States,>50K
21,Private,766755,Prof-school,5,Never-married,Machine-op-inspct,Own-child,White,Female,0,0,11,Mexico,<=50K
38,Private,519286,9th,11,Married-civ-spouse,Prof-specialty,Own-child,White,Female,0,0,24,United-States,<=50K
48,Private,62832,Assoc-acdm,3,Divorced,Transport-moving,Wife,White,Male,0,0,44,Philippines,>50K
38,Private,920991,HS-grad,7,Never-married,Protective-serv,Husband,White,Female,0,0,45,United-States,<=50K
42,Private,313110,5th-6th,3,Divorced,Farming-fishing,Wife,White,Female,0,0,48,United-States,<=50K
32,Private,41041,12th,2,Divorced,Adm-clerical,Wife,Amer-Indian-Eskimo,Male,0,0,13,United-States,>50K
52,Private,368667,9th,3,Never-married,Farming-fishing,Wife,White,Male,0,0,73,United-States,>50K
66,Without-pay,734394,11th,11,Widowed,Exec-managerial,Own-child,White,Female,0,0,83,United-States,<=50K
60,Private,526391,HS-grad,3,Married-civ-spouse,Handlers-cleaners,Unmarried,White,Male,0,0,15,India,>50K
58,Private,959760,Masters,8,Never-married,Prof-specialty,Husband,Amer-Indian-Eskimo,Male,0,0,66,United-States,<=50K
54,Government,155977,7th-8th,4,Married-civ-spouse,Transport-moving,Unmarried,White,Male,0,0,39,United-States,>50K
74,Private,113810,Prof-school,3,Married-civ-spouse,Exec-managerial,Unmarried,White,Male,0,0,83,United-States,>50K
59,Private,755735,Assoc-acdm,10,Married-civ-spouse,Prof-specialty,Wife,White,Male,0,0,76,United-States,>50K
64,Self-emp,339817,1st-4th,5,Widowed,Sales,Husband,White,Female,0,0,24,United-States,>50K
78,Private,132343,Preschool,4,Divorced,Other-service,Unmarried,White,Male,0,0,26,United-States,>50K
31,Self-emp,222554,Masters,9,Married-civ-spouse,Protective-serv,Not-in-family,White,Male,0,0,27,United-States,<=50K
85,Private,362188,Some-college,8,Married-civ-spouse,Tech-support,Wife,Black,Male,0,0,28,United-States,>50K
70,Private,64100,7th-8th,11,Separated,Tech-support,Wife,White,Male,0,0,85,United-States,>50K
51,Private,353300,9th,7,Married-civ-spouse,Prof-specialty,Wife,White,Female,0,0,97,United-States,<=50K
41,Private,352503,Assoc-voc,15,Married-civ-spouse,Armed-Forces,Not-in-family,White,Male,0,0,78,United-States,>50K
37,Self-emp,112169,7th-8th,8,Never-married,Adm-clerical,Not-in-family,White,Male,0,0,33,United-States,>50K
86,Private,998500,Prof-school,13,Divorced,Machine-op-inspct,Own-child,White,Male,0,0,57,United-States,>50K
47,Government,392280,Prof-school,5,Married-civ-spouse,Priv-house-serv,Other-relative,White,Male,0,0,39,United-States,>50K
24,Self-emp,112800,Masters,4,Married-civ-spouse,Craft-repair,Husband,White,Female,0,0,24,United-States,>50K
53,Private,653428,Masters,7,Separated,Adm-clerical,Other-relative,White,Female,0,0,56,United-States,>50K
55,Self-emp,967170,7th-8th,1,Never-married,Machine-op-inspct,Wife,White,Male,0,1037,53,United-States,>50K
69,Private,372994,Masters,6,Married-civ-spouse,Armed-Forces,Unmarried,White,Male,0,0,36,United-States,>50K
32,Private,219330,Prof-school,15,Married-civ-spouse,Armed-Forces,Wife,White,Male,0,0,93,United-States,>50K
63,Self-emp,100230,7th-8th,8,Married-civ-spouse,Priv-house-serv,Unmarried,Other,Male,0,0,73,United-States,>50K
40,Private,869182,Bachelors,7,Divorced,Adm-clerical,Own-child,White,Male,0,0,50,United-States,<=50K
29,Private,762807,5th-6th,2,Never-married,Sales,Other-relative,White,Male,0,0,77,United-States,<=50K
61,Private,154382,12th,14,Married-civ-spouse,Adm-clerical,Wife,White,Male,0,0,14,United-States,>50K
32,Private,634987,12th,13,Never-married,Craft-repair,Other-relative,White,Male,0,0,62,United-States,>50K
66,Private,99591,Masters,14,Never-married,Protective-serv,Own-child,White,Female,0,0,17,United-States,<=50K
38,Private,745770,9th,7,Never-married,Tech-support,Other-relative,Black,Female,0,0,31,United-States,<=50K
32,Private,431159,11th,13,Separated,Protective-serv,Unmarried,White,Male,0,0,16,United-States,<=50K
31,Private,793872,Preschool,6,Married-civ-spouse,Adm-clerical,Husband,White,Female,0,0,31,United-States,>50K
59,Private,697277,10th,13,Married-civ-spouse,Farming-fishing,Own-child,White,Male,0,0,55,United-States,>50K
32,Private,720026,9th,5,Never-married,Machine-op-inspct,Other-relative,White,Male,0,520,39,United-States,<=50K
80,Private,142774,Prof-school,4,Never-married,Handlers-cleaners,Wife,White,Female,0,0,25,United-States,<=50K
85,Self-emp,592161,Some-college,1,Married-civ-spouse,Armed-Forces,Not-in-family,White,Female,0,0,88,Mexico,>50K
44,Private,947562,7th-8th,13,Never-married,Protective-serv,Not-in-family,White,Female,0,0,14,United-States,<=50K
70,Private,444478,HS-grad,2,Married-civ-spouse,Machine-op-inspct,Own-child,Black,Male,0,0,76,United-States,>50K
69,Private,286681,Doctorate,15,Married-civ-spouse,Priv-house-serv,Not-in-family,White,Male,0,0,32,Mexico,<=50K
80,Private,615716,Doctorate,7,Married-civ-spouse,Tech-support,Husband,White,Female,42113,0,70,United-States,<=50K
70,Private,423851,Assoc-voc,10,Widowed,Armed-Forces,Own-child,White,Male,0,0,83,United-States,>50K
74,Government,562832,1st-4th,3,Divorced,Adm-clerical,Wife,White,Male,0,0,14,United-States,<=50K
69,Government,337693,9th,5,Married-civ-spouse,Priv-house-serv,Wife,White,Male,0,0,32,United-States,>50K
60,Self-emp,131875,Assoc-voc,8,Widowed,Farming-fishing,Own-child,White,Male,0,0,88,Mexico,>50K
24,Government,848387,Masters,13,Never-married,Transport-moving,Not-in-family,Asian-Pac-Islander,Male,0,0,91,United-States,>50K
59,Private,780936,Assoc-acdm,13,Never-married,Adm-clerical,Not-in-family,Black,Male,87186,0,34,Germany,>50K
21,Private,120024,5th-6th,8,Married-civ-spouse,Priv-house-serv,Wife,Black,Female,0,0,17,United-States,<=50K
86,Self-emp,440524,Doctorate,6,Married-civ-spouse,Transport-moving,Husband,White,Male,0,0,30,United-States,>50K
22,Private,214698,1st-4th,5,Divorced,Adm-clerical,Unmarried,White,Male,0,0,11,United-States,>50K
58,Government,274313,Assoc-voc,13,Never-married,Protective-serv,Not-in-family,White,Male,0,1872,31,Canada,<=50K
21,Self-emp,382208,HS-grad,2,Never-married,Armed-Forces,Husband,White,Male,0,0,81,United-States,>50K
19,Without-pay,806855,12th,9,Never-married,Prof-specialty,Not-in-family,White,Male,0,0,96,United-States,>50K
84,Private,183875,Bachelors,1,Never-married,Sales,Unmarried,White,Male,0,0,81,United-States,<=50K
38,Self-emp,783699,Prof-school,11,Married-civ-spouse,Protective-serv,Own-child,White,Female,0,0,77,United-States,<=50K
87,Private,103988,9th,2,Never-married,Craft-repair,Other-relative,White,Male,0,0,73,United-States,>50K
60,Private,280161,12th,13,Married-civ-spouse,Transport-moving,Wife,White,Female,0,0,28,United-States,>50K
86,Private,446894,Assoc-acdm,1,Married-civ-spouse,Sales,Own-child,White,Male,0,2618,96,Mexico,<=50K
26,Self-emp,460608,Prof-school,12,Married-civ-spouse,Handlers-cleaners,Not-in-family,White,Male,0,0,91,United-States,>50K
45,Government,567236,Some-college,4,Never-married,Tech-support,Unmarried,White,Male,0,0,62,United-States,<=50K
43,Private,101529,12th,4,Never-married,Armed-Forces,Wife,White,Male,0,0,96,United-States,<=50K
20,Private,898200,1st-4th,5,Married-civ-spouse,Adm-clerical,Other-relative,White,Female,25347,0,61,United-States,>50K
66,Private,349291,Prof-school,5,Married-civ-spouse,Other-service,Other-relative,White,Male,0,0,56,United-States,<=50K
34,Without-pay,566507,12th,8,Married-civ-spouse,Protective-serv,Unmarried,White,Male,0,0,91,United-States,>50K
80,Private,171932,1st-4th,11,Separated,Protective-serv,Unmarried,White,Female,0,0,63,United-States,<=50K
72,Private,911649,11th,15,Never-married,Sales,Not-in-family,White,Female,0,0,53,United-States,>50K
40,Private,785819,10th,11,Separated,Priv-house-serv,Wife,White,Female,0,0,16,United-States,>50K
51,Private,162135,Preschool,3,Never-married,Exec-managerial,Not-in-family,White,Male,0,0,10,United-States,<=50K
86,Private,975078,5th-6th,6,Married-civ-spouse,Priv-house-serv,Other-relative,White,Female,0,0,72,United-States,<=50K
32,Private,876033,Some-college,12,Married-civ-spouse,Protective-serv,Own-child,White,Male,0,0,48,United-States,>50K
64,Government,427540,Doctorate,13,Divorced,Other-service,Own-child,Black,Male,0,0,28,United-States,>50K
20,Government,207894,11th,12,Married-civ-spouse,Sales,Husband,White,Male,0,0,40,United-States,<=50K
45,Private,110494,HS-grad,3,Married-civ-spouse,Exec-managerial,Other-relative,White,Male,0,0,86,United-States,>50K
20,Without-pay,182738,Some-college,13,Married-civ-spouse,Priv-house-serv,Other-relative,White,Male,0,0,33,United-States,>50K
21,Private,644001,Doctorate,2,Never-married,Tech-support,Not-in-family,White,Male,58947,0,78,Mexico,>50K
48,Private,297013,HS-grad,8,Divorced,Armed-Forces,Husband,White,Female,0,0,96,United-States,<=50K
62,Private,257321,HS-grad,1,Married-civ-spouse,Adm-clerical,Unmarried,White,Male,0,0,92,United-States,>50K
76,Private,343308,5th-6th,9,Divorced,Farming-fishing,Husband,Other,Male,0,0,74,United-States,>50K
62,Self-emp,39093,Assoc-acdm,11,Married-civ-spouse,Protective-serv,Wife,White,Male,0,0,42,United-States,>50K
54,Private,974154,1st-4th,7,Never-married,Farming-fishing,Not-in-family,White,Female,0,0,68,United-States,<=50K
82,Private,389443,Prof-school,12,Never-married,Protective-serv,Unmarried,White,Male,0,0,42,Philippines,>50K
26,Self-emp,786608,Assoc-voc,10,Married-civ-spouse,Armed-Forces,Unmarried,Black,Male,0,0,41,United-States,<=50K
34,Private,469412,Masters,13,Divorced,Sales,Own-child,White,Female,0,0,68,United-States,>50K
82,Self-emp,451232,Assoc-voc,15,Divorced,Protective-serv,Wife,White,Female,0,0,50,United-States,<=50K
20,Self-emp,160634,11th,12,Married-civ-spouse,Adm-clerical,Husband,White,Male,0,0,21,United-States,<=50K
43,Private,603213,7th-8th,11,Married-civ-spouse,Sales,Own-child,White,Female,0,0,82,United-States,<=50K
70,Government,773962,Assoc-voc,4,Widowed,Armed-Forces,Other-relative,White,Female,0,0,20,United-States,<=50K
48,Private,111367,Assoc-voc,3,Married-civ-spouse,Tech-support,Not-in-family,White,Male,0,0,28,Germany,>50K
43,Private,589841,Preschool,6,Divorced,Priv-house-serv,Husband,White,Male,0,0,63,United-States,<=50K
40,Private,67279,Some-college,9,Never-married,Exec-managerial,Other-relative,White,Female,0,0,66,United-States,<=50K
47,Private,45608,5th-6th,15,Married-civ-spouse,Protective-serv,Unmarried,Black,Male,0,0,51,United-States,>50K
27,Government,70840,1st-4th,9,Married-civ-spouse,Adm-clerical,Husband,White,Male,0,0,80,United-States,>50K
89,Private,545058,Preschool,4,Never-married,Other-service,Own-child,Asian-Pac-Islander,Male,86793,0,40,United-States,<=50K
81,Private,589749,12th,10,Married-civ-spouse,Exec-managerial,Wife,White,Male,0,0,61,United-States,>50K
39,Government,525096,Preschool,5,Never-married,Other-service,Own-child,White,Male,0,0,11,United-States,>50K
32,Private,298771,Preschool,11,Never-married,Priv-house-serv,Not-in-family,White,Female,0,0,92,United-States,<=50K
73,Private,802578,11th,13,Never-married,Other-service,Not-in-family,White,Male,0,0,47,United-States,>50K
37,Private,884913,11th,9,Widowed,Tech-support,Husband,White,Male,0,0,41,United-States,>50K
64,Self-emp,856185,1st-4th,2,Never-married,Craft-repair,Own-child,White,Male,58328,0,19,United-States,<=50K
70,Private,886912,10th,2,Never-married,Craft-repair,Wife,White,Male,0,0,17,United-States,<=50K
70,Private,518442,Assoc-acdm,5,Never-married,Adm-clerical,Unmarried,White,Female,0,0,84,United-States,>50K
18,Private,324223,HS-grad,1,Never-married,Handlers-cleaners,Not-in-family,White,Male,0,0,29,Germany,<=50K
19,Private,389225,HS-grad,8,Widowed,Machine-op-inspct,Wife,White,Male,17660,0,29,United-States,>50K
75,Self-emp,592362,Bachelors,5,Never-married,Craft-repair,Other-relative,White,Male,58650,0,18,Philippines,>50K
36,Private,354960,Assoc-acdm,12,Married-civ-spouse,Adm-clerical,Husband,White,Male,96781,0,81,United-States,<=50K
79,Private,990011,9th,10,Never-married,Protective-serv,Wife,Black,Male,0,0,24,United-States,<=50K
89,Private,688611,9th,2,Married-civ-spouse,Other-service,Husband,White,Female,0,0,97,United-States,<=50K
29,Self-emp,104771,5th-6th,12,Married-civ-spouse,Farming-fishing,Other-relative,White,Female,0,0,72,United-States,<=50K
43,Self-emp,435112,9th,9,Married-civ-spouse,Protective-serv,Wife,White,Male,0,0,30,United-States,<=50K
44,Private,704473,Prof-school,2,Separated,Craft-repair,Wife,White,Male,0,0,14,United-States,<=50K
46,Private,194783,Preschool,7,Married-civ-spouse,Priv-house-serv,Unmarried,Amer-Indian-Eskimo,Female,0,0,44,United-States,<=50K
32,Private,809754,12th,8,Never-married,Tech-support,Other-relative,White,Female,0,0,94,United-States,<=50K
63,Private,17747,Assoc-acdm,14,Divorced,Adm-clerical,Own-child,White,Male,0,0,77,United-States,>50K
18,Private,266632,Prof-school,6,Married-civ-spouse,Machine-op-inspct,Wife,White,Male,37119,0,57,United-States,<=50K
77,Private,913500,HS-grad,14,Divorced,Protective-serv,Unmarried,White,Male,0,0,89,Mexico,>50K
74,Private,369892,1st-4th,11,Never-married,Priv-house-serv,Wife,Asian-Pac-Islander,Female,0,1813,71,United-States,<=50K
20,Government,648990,HS-grad,7,Never-married,Transport-moving,Unmarried,White,Female,0,0,44,United-States,<=50K
35,Private,774984,HS-grad,11,Married-civ-spouse,Sales,Not-in-family,White,Male,0,0,79,United-States,<=50K
69,Self-emp,68697,HS-grad,1,Married-civ-spouse,Handlers-cleaners,Own-child,White,Male,0,0,30,United-States,>50K
77,Private,45903,Doctorate,4,Never-married,Priv-house-serv,Wife,White,Female,0,0,89,Germany,<=50K
51,Government,208885,5th-6th,13,Married-civ-spouse,Armed-Forces,Other-relative,White,Female,0,0,48,United-States,<=50K
77,Private,444186,Assoc-acdm,7,Married-civ-spouse,Other-service,Husband,White,Female,0,2778,43,United-States,>50K
43,Private,208264,5th-6th,1,Married-civ-spouse,Other-service,Other-relative,White,Female,0,0,24,United-States,<=50K
89,Government,838639,Assoc-acdm,13,Never-married,Sales,Own-child,Black,Male,0,930,15,Other,>50K
36,Private,384496,Prof-school,1,Married-civ-spouse,Craft-repair,Not-in-family,White,Male,0,0,75,United-States,<=50K
39,Private,60812,1st-4th,11,Divorced,Armed-Forces,Not-in-family,White,Male,0,0,97,United-States,<=50K
50,Private,959907,Masters,6,Separated,Farming-fishing,Not-in-family,White,Male,0,0,65,United-States,<=50K
55,Self-emp,568819,Doctorate,4,Never-married,Sales,Unmarried,Other,Male,0,0,58,Canada,<=50K
52,Private,788781,Masters,3,Married-civ-spouse,Farming-fishing,Other-relative,White,Female,0,0,10,India,<=50K
84,Government,519433,Preschool,12,Divorced,Other-service,Husband,White,Male,17555,0,74,United-States,<=50K
27,Private,467225,7th-8th,15,Married-civ-spouse,Machine-op-inspct,Husband,White,Female,0,0,37,United-States,<=50K
32,Private,680773,9th,5,Married-civ-spouse,Transport-moving,Unmarried,White,Male,0,636,29,United-States,<=50K
28,Private,181705,12th,9,Married-civ-spouse,Craft-repair,Wife,White,Female,0,0,57,United-States,<=50K
41,Private,785886,Assoc-acdm,10,Married-civ-spouse,Transport-moving,Unmarried,White,Male,0,0,81,United-States,<=50K
21,Private,213518,Masters,10,Divorced,Adm-clerical,Husband,White,Male,0,0,74,United-States,>50K
30,Private,70032,7th-8th,12,Separated,Other-service,Husband,White,Male,0,0,60,United-States,<=50K
74,Private,438601,Prof-school,14,Separated,Sales,Wife,White,Male,0,0,52,United-States,<=50K
54,Private,516260,12th,14,Married-civ-spouse,Protective-serv,Other-relative,Black,Female,0,0,58,United-States,<=50K
65,Private,111058,5th-6th,12,Divorced,Farming-fishing,Other-relative,Asian-Pac-Islander,Female,75469,0,34,United-States,>50K
88,Self-emp,887472,Preschool,11,Married-civ-spouse,Armed-Forces,Own-child,White,Male,0,982,83,United-States,>50K
18,Self-emp,607925,HS-grad,10,Never-married,Farming-fishing,Other-relative,White,Male,0,0,85,United-States,>50K
77,Self-emp,322722,Doctorate,3,Married-civ-spouse,Other-service,Not-in-family,White,Male,0,0,50,United-States,>50K
29,Private,738963,Assoc-acdm,5,Separated,Other-service,Not-in-family,White,Male,0,0,80,United-States,>50K
38,Government,169307,HS-grad,10,Never-married,Machine-op-inspct,Own-child,White,Female,0,0,73,United-States,<=50K
28,Private,80744,9th,5,Married-civ-spouse,Machine-op-inspct,Husband,White,Female,0,979,70,Mexico,<=50K
61,Private,777841,Preschool,9,Never-married,Protective-serv,Own-child,White,Female,0,0,21,United-States,<=50K
75,Self-emp,85961,Assoc-voc,11,Never-married,Protective-serv,Wife,White,Female,0,0,90,United-States,<=50K
61,Government,300629,Prof-school,12,Divorced,Prof-specialty,Own-child,White,Male,0,0,78,United-States,>50K
51,Private,632347,12th,10,Divorced,Sales,Own-child,White,Female,0,0,23,Mexico,>50K
42,Private,154254,Assoc-acdm,11,Never-married,Tech-support,Unmarried,White,Female,0,0,43,United-States,<=50K
21,Private,737118,Masters,4,Never-married,Sales,Not-in-family,White,Female,0,0,57,United-States,>50K
81,Private,548768,Preschool,1,Never-married,Machine-op-inspct,Wife,White,Female,0,0,70,United-States,<=50K
33,Government,722320,Assoc-voc,10,Divorced,Prof-specialty,Unmarried,White,Male,0,0,90,Germany,<=50K
27,Private,192285,Preschool,5,Never-married,Craft-repair,Wife,White,Female,0,0,44,United-States,<=50K
83,Self-emp,597382,Some-college,1,Widowed,Other-service,Own-child,White,Male,0,0,74,United-States,<=50K
52,Private,710417,7th-8th,6,Married-civ-spouse,Priv-house-serv,Unmarried,Asian-Pac-Islander,Male,0,0,68,Mexico,>50K
23,Self-emp,766227,Assoc-voc,12,Married-civ-spouse,Handlers-cleaners,Unmarried,White,Male,0,0,45,United-States,<=50K
36,Government,373251,9th,10,Never-married,Transport-moving,Wife,White,Female,0,0,88,United-States,<=50K
76,Private,114513,Doctorate,10,Widowed,Transport-moving,Wife,White,Female,0,0,28,United-States,<=50K
70,Private,831493,Prof-school,15,Married-civ-spouse,Sales,Other-relative,Black,Female,0,0,51,United-States,<=50K
25,Self-emp,355689,5th-6th,7,Married-civ-spouse,Sales,Wife,Black,Female,0,0,78,United-States,<=50K
27,Private,287933,11th,1,Married-civ-spouse,Exec-managerial,Unmarried,White,Male,55565,0,28,United-States,<=50K
84,Private,654785,Some-college,10,Never-married,Machine-op-inspct,Husband,Black,Female,0,0,48,United-States,<=50K
55,Private,895307,5th-6th,4,Separated,Armed-Forces,Wife,White,Male,0,0,78,United-States,<=50K
46,Private,771063,Some-college,9,Divorced,Armed-Forces,Not-in-family,White,Male,0,0,61,United-States,<=50K
32,Self-emp,956611,11th,13,Married-civ-spouse,Handlers-cleaners,Other-relative,White,Male,0,0,21,United-States,<=50K
40,Private,560575,Bachelors,1,Never-married,Adm-clerical,Not-in-family,White,Female,0,0,92,United-States,<=50K
63,Government,287158,Bachelors,9,Married-civ-spouse,Exec-managerial,Not-in-family,Black,Female,0,0,56,United-States,<=50K
45,Private,936078,Assoc-voc,8,Never-married,Tech-support,Husband,White,Male,0,0,85,United-States,>50K
43,Self-emp,441813,12th,5,Married-civ-spouse,Sales,Other-relative,Asian-Pac-Islander,Male,0,0,45,Philippines,<=50K
27,Private,551755,1st-4th,6,Divorced,Prof-specialty,Own-child,White,Female,0,0,72,United-States,<=50K
64,Private,519853,Masters,7,Divorced,Prof-specialty,Unmarried,White,Male,0,0,85,United-States,>50K
21,Private,970981,9th,4,Divorced,Adm-clerical,Unmarried,White,Female,0,0,91,United-States,<=50K
72,Self-emp,359594,Assoc-acdm,14,Separated,Farming-fishing,Wife,White,Female,0,0,60,Mexico,<=50K
83,Private,195426,Preschool,14,Separated,Protective-serv,Unmarried,White,Male,0,0,52,United-States,>50K
84,Government,612185,Assoc-voc,6,Never-married,Exec-managerial,Husband,White,Male,0,0,43,United-States,>50K
24,Private,392262,Bachelors,7,Married-civ-spouse,Exec-managerial,Unmarried,Asian-Pac-Islander,Female,0,0,58,United-States,>50K
72,Private,206037,Doctorate,11,Married-civ-spouse,Prof-specialty,Husband,White,Female,0,0,27,United-States,>50K
48,Self-emp,532265,Bachelors,15,Divorced,Transport-moving,Own-child,White,Male,0,0,70,Philippines,<=50K
36,Private,619705,7th-8th,6,Never-married,Prof-specialty,Husband,White,Female,0,0,66,United-States,>50K
45,Private,294024,Prof-school,11,Divorced,Other-service,Own-child,White,Male,0,0,14,United-States,>50K
45,Private,267266,Assoc-voc,13,Widowed,Prof-specialty,Own-child,Black,Male,0,0,98,United-States,<=50K
36,Private,129618,Assoc-acdm,15,Widowed,Machine-op-inspct,Own-child,White,Female,72838,0,33,United-States,<=50K
37,Private,954755,HS-grad,12,Divorced,Priv-house-serv,Husband,White,Female,0,0,73,United-States,<=50K
30,Private,848978,Bachelors,6,Never-married,Prof-specialty,Own-child,White,Male,0,0,68,Germany,>50K
60,Private,920515,HS-grad,2,Widowed,Priv-house-serv,Husband,White,Female,0,0,47,United-States,<=50K
28,Self-emp,911893,12th,5,Never-married,Transport-moving,Other-relative,White,Male,0,0,42,United-States,<=50K
65,Government,316160,12th,3,Never-married,Exec-managerial,Own-child,White,Male,0,0,19,United-States,>50K
32,Private,954393,Preschool,7,Never-married,Other-service,Husband,White,Male,0,0,46,United-States,>50K
34,Private,298123,9th,4,Married-civ-spouse,Tech-support,Husband,White,Female,49638,0,96,United-States,<=50K
71,Private,857948,10th,1,Never-married,Exec-managerial,Husband,White,Male,0,0,20,United-States,<=50K
67,Government,58741,Preschool,12,Married-civ-spouse,Prof-specialty,Wife,White,Male,0,0,33,United-States,<=50K
45,Private,468251,1st-4th,12,Married-civ-spouse,Armed-Forces,Wife,White,Male,0,0,97,United-States,>50K
21,Private,853565,Masters,6,Never-married,Prof-specialty,Own-child,White,Female,0,0,80,United-States,<=50K
